CASE NO,alt_kft,Re_L,M_inf,alpha_deg,beta_deg,B1,B2,B3,C1,C2,C3,C4,S1,S2,S3
000,22.9,378100000.0,0.3269,-2.573,0.0,181.1,54.72,364.8,1000.0,576.5,195.8,74.23,44.74,47.27,28.5
001,36.02,79740000.0,0.4699,18.8,0.0,181.1,54.72,364.8,1000.0,576.5,195.8,74.23,44.74,47.27,28.5
002,4.985,314400000.0,0.4015,15.42,0.0,181.1,54.72,364.8,1000.0,576.5,195.8,74.23,44.74,47.27,28.5
003,14.88,119200000.0,0.2464,10.27,0.0,181.1,54.72,364.8,1000.0,576.5,195.8,74.23,44.74,47.27,28.5
004,0.271,166200000.0,0.1751,5.343,0.0,181.1,54.72,364.8,1000.0,576.5,195.8,74.23,44.74,47.27,28.5
005,8.043,41070000.0,0.07855,1.323,0.0,181.1,54.72,364.8,1000.0,576.5,195.8,74.23,44.74,47.27,28.5
006,24.51,237900000.0,0.2269,12.98,0.0,181.1,54.72,364.8,1000.0,576.5,195.8,74.23,44.74,47.27,28.5
007,32.98,414600000.0,0.1325,-0.2233,0.0,181.1,54.72,364.8,1000.0,576.5,195.8,74.23,44.74,47.27,28.5
008,31.31,294600000.0,0.2828,7.398,0.0,181.1,54.72,364.8,1000.0,576.5,195.8,74.23,44.74,47.27,28.5
009,16.31,485500000.0,0.4475,12.62,0.0,181.1,54.72,364.8,1000.0,576.5,195.8,74.23,44.74,47.27,28.5
010,6.157,494500000.0,0.2466,6.495,0.0,155.8,103.1,671.9,1000.0,704.4,242.0,73.65,56.62,42.9,37.43
011,0.3631,414300000.0,0.1601,-0.8951,0.0,155.8,103.1,671.9,1000.0,704.4,242.0,73.65,56.62,42.9,37.43
012,26.26,82060000.0,0.478,-3.144,0.0,155.8,103.1,671.9,1000.0,704.4,242.0,73.65,56.62,42.9,37.43
013,23.99,147600000.0,0.2065,3.916,0.0,155.8,103.1,671.9,1000.0,704.4,242.0,73.65,56.62,42.9,37.43
014,35.36,39850000.0,0.2909,16.44,0.0,155.8,103.1,671.9,1000.0,704.4,242.0,73.65,56.62,42.9,37.43
015,31.35,287000000.0,0.0578,11.99,0.0,155.8,103.1,671.9,1000.0,704.4,242.0,73.65,56.62,42.9,37.43
016,36.16,391100000.0,0.4529,0.8187,0.0,155.8,103.1,671.9,1000.0,704.4,242.0,73.65,56.62,42.9,37.43
017,17.33,307700000.0,0.3494,14.77,0.0,155.8,103.1,671.9,1000.0,704.4,242.0,73.65,56.62,42.9,37.43
018,12.92,194600000.0,0.1063,19.12,0.0,155.8,103.1,671.9,1000.0,704.4,242.0,73.65,56.62,42.9,37.43
019,10.03,234000000.0,0.3658,8.039,0.0,155.8,103.1,671.9,1000.0,704.4,242.0,73.65,56.62,42.9,37.43
020,39.16,406400000.0,0.2291,8.509,0.0,151.5,131.3,448.2,1000.0,725.6,202.5,74.61,52.16,59.85,32.24
021,10.28,277700000.0,0.1654,4.081,0.0,151.5,131.3,448.2,1000.0,725.6,202.5,74.61,52.16,59.85,32.24
022,13.82,212400000.0,0.3942,0.1742,0.0,151.5,131.3,448.2,1000.0,725.6,202.5,74.61,52.16,59.85,32.24
023,5.561,162200000.0,0.06585,11.59,0.0,151.5,131.3,448.2,1000.0,725.6,202.5,74.61,52.16,59.85,32.24
024,3.536,382100000.0,0.269,19.55,0.0,151.5,131.3,448.2,1000.0,725.6,202.5,74.61,52.16,59.85,32.24
025,25.61,327100000.0,0.4355,13.93,0.0,151.5,131.3,448.2,1000.0,725.6,202.5,74.61,52.16,59.85,32.24
026,34.09,35470000.0,0.09582,15.96,0.0,151.5,131.3,448.2,1000.0,725.6,202.5,74.61,52.16,59.85,32.24
027,29.74,486900000.0,0.3484,2.624,0.0,151.5,131.3,448.2,1000.0,725.6,202.5,74.61,52.16,59.85,32.24
028,22.73,58710000.0,0.4941,7.207,0.0,151.5,131.3,448.2,1000.0,725.6,202.5,74.61,52.16,59.85,32.24
029,18.78,105600000.0,0.3122,-3.061,0.0,151.5,131.3,448.2,1000.0,725.6,202.5,74.61,52.16,59.85,32.24
030,28.29,139400000.0,0.2536,-1.303,0.0,146.9,192.7,669.8,1000.0,700.2,182.1,87.0,50.92,45.08,34.22
031,33.79,95580000.0,0.3904,17.16,0.0,146.9,192.7,669.8,1000.0,700.2,182.1,87.0,50.92,45.08,34.22
032,17.9,384900000.0,0.1819,13.8,0.0,146.9,192.7,669.8,1000.0,700.2,182.1,87.0,50.92,45.08,34.22
033,3.562,275000000.0,0.1919,12.25,0.0,146.9,192.7,669.8,1000.0,700.2,182.1,87.0,50.92,45.08,34.22
034,10.28,231800000.0,0.1291,9.684,0.0,146.9,192.7,669.8,1000.0,700.2,182.1,87.0,50.92,45.08,34.22
035,39.92,306500000.0,0.345,6.894,0.0,146.9,192.7,669.8,1000.0,700.2,182.1,87.0,50.92,45.08,34.22
036,15.3,402600000.0,0.08975,-2.334,0.0,146.9,192.7,669.8,1000.0,700.2,182.1,87.0,50.92,45.08,34.22
037,5.612,469700000.0,0.4978,18.27,0.0,146.9,192.7,669.8,1000.0,700.2,182.1,87.0,50.92,45.08,34.22
038,26.83,35220000.0,0.414,0.836,0.0,146.9,192.7,669.8,1000.0,700.2,182.1,87.0,50.92,45.08,34.22
039,23.58,159800000.0,0.2775,5.516,0.0,146.9,192.7,669.8,1000.0,700.2,182.1,87.0,50.92,45.08,34.22
040,8.684,499000000.0,0.2001,13.58,0.0,130.5,179.5,508.1,1000.0,567.2,262.3,65.85,51.92,46.3,27.93
041,37.73,79220000.0,0.09704,15.86,0.0,130.5,179.5,508.1,1000.0,567.2,262.3,65.85,51.92,46.3,27.93
042,24.26,277500000.0,0.3797,4.57,0.0,130.5,179.5,508.1,1000.0,567.2,262.3,65.85,51.92,46.3,27.93
043,4.032,230400000.0,0.2394,6.631,0.0,130.5,179.5,508.1,1000.0,567.2,262.3,65.85,51.92,46.3,27.93
044,3.856,394000000.0,0.4681,1.141,0.0,130.5,179.5,508.1,1000.0,567.2,262.3,65.85,51.92,46.3,27.93
045,35.83,137300000.0,0.1493,9.629,0.0,130.5,179.5,508.1,1000.0,567.2,262.3,65.85,51.92,46.3,27.93
046,31.39,418800000.0,0.05147,-2.693,0.0,130.5,179.5,508.1,1000.0,567.2,262.3,65.85,51.92,46.3,27.93
047,19.15,10840000.0,0.4467,12.13,0.0,130.5,179.5,508.1,1000.0,567.2,262.3,65.85,51.92,46.3,27.93
048,15.98,170100000.0,0.3467,-1.445,0.0,130.5,179.5,508.1,1000.0,567.2,262.3,65.85,51.92,46.3,27.93
049,21.79,350200000.0,0.2917,18.66,0.0,130.5,179.5,508.1,1000.0,567.2,262.3,65.85,51.92,46.3,27.93
050,6.497,412700000.0,0.2713,-3.725,0.0,103.8,121.8,414.4,1000.0,786.0,221.3,61.17,42.33,55.54,37.05
051,20.18,393400000.0,0.113,9.1,0.0,103.8,121.8,414.4,1000.0,786.0,221.3,61.17,42.33,55.54,37.05
052,33.99,472800000.0,0.1749,16.78,0.0,103.8,121.8,414.4,1000.0,786.0,221.3,61.17,42.33,55.54,37.05
053,36.63,40910000.0,0.3274,19.44,0.0,103.8,121.8,414.4,1000.0,786.0,221.3,61.17,42.33,55.54,37.05
054,15.29,226600000.0,0.43,10.77,0.0,103.8,121.8,414.4,1000.0,786.0,221.3,61.17,42.33,55.54,37.05
055,25.7,278300000.0,0.07536,-0.602,0.0,103.8,121.8,414.4,1000.0,786.0,221.3,61.17,42.33,55.54,37.05
056,29.25,61830000.0,0.4096,15.19,0.0,103.8,121.8,414.4,1000.0,786.0,221.3,61.17,42.33,55.54,37.05
057,0.6807,336900000.0,0.1943,6.527,0.0,103.8,121.8,414.4,1000.0,786.0,221.3,61.17,42.33,55.54,37.05
058,16.81,144500000.0,0.4837,4.848,0.0,103.8,121.8,414.4,1000.0,786.0,221.3,61.17,42.33,55.54,37.05
059,10.47,161600000.0,0.278,2.992,0.0,103.8,121.8,414.4,1000.0,786.0,221.3,61.17,42.33,55.54,37.05
060,37.46,253100000.0,0.1717,10.29,0.0,122.5,191.0,631.3,1000.0,712.2,249.8,87.8,58.04,58.39,33.26
061,11.25,462500000.0,0.1165,13.41,0.0,122.5,191.0,631.3,1000.0,712.2,249.8,87.8,58.04,58.39,33.26
062,35.18,234200000.0,0.3898,17.68,0.0,122.5,191.0,631.3,1000.0,712.2,249.8,87.8,58.04,58.39,33.26
063,26.09,448900000.0,0.3513,3.556,0.0,122.5,191.0,631.3,1000.0,712.2,249.8,87.8,58.04,58.39,33.26
064,22.79,56350000.0,0.07299,-1.297,0.0,122.5,191.0,631.3,1000.0,712.2,249.8,87.8,58.04,58.39,33.26
065,31.42,323800000.0,0.218,2.406,0.0,122.5,191.0,631.3,1000.0,712.2,249.8,87.8,58.04,58.39,33.26
066,14.44,377300000.0,0.4624,11.31,0.0,122.5,191.0,631.3,1000.0,712.2,249.8,87.8,58.04,58.39,33.26
067,4.85,105600000.0,0.3022,6.767,0.0,122.5,191.0,631.3,1000.0,712.2,249.8,87.8,58.04,58.39,33.26
068,19.14,15970000.0,0.4382,15.38,0.0,122.5,191.0,631.3,1000.0,712.2,249.8,87.8,58.04,58.39,33.26
069,1.456,177700000.0,0.2419,-3.632,0.0,122.5,191.0,631.3,1000.0,712.2,249.8,87.8,58.04,58.39,33.26
070,34.22,38040000.0,0.09714,-0.2655,0.0,119.0,73.39,291.1,1000.0,834.2,273.7,66.47,59.69,57.17,35.67
071,7.665,83060000.0,0.2357,13.4,0.0,119.0,73.39,291.1,1000.0,834.2,273.7,66.47,59.69,57.17,35.67
072,25.77,472500000.0,0.1894,10.77,0.0,119.0,73.39,291.1,1000.0,834.2,273.7,66.47,59.69,57.17,35.67
073,23.97,256300000.0,0.09035,9.974,0.0,119.0,73.39,291.1,1000.0,834.2,273.7,66.47,59.69,57.17,35.67
074,3.467,188100000.0,0.4633,4.865,0.0,119.0,73.39,291.1,1000.0,834.2,273.7,66.47,59.69,57.17,35.67
075,13.69,333900000.0,0.4261,2.785,0.0,119.0,73.39,291.1,1000.0,834.2,273.7,66.47,59.69,57.17,35.67
076,10.79,235500000.0,0.3128,18.53,0.0,119.0,73.39,291.1,1000.0,834.2,273.7,66.47,59.69,57.17,35.67
077,16.26,117400000.0,0.3461,-2.594,0.0,119.0,73.39,291.1,1000.0,834.2,273.7,66.47,59.69,57.17,35.67
078,31.82,385000000.0,0.1465,15.37,0.0,119.0,73.39,291.1,1000.0,834.2,273.7,66.47,59.69,57.17,35.67
079,36.52,435200000.0,0.3675,7.305,0.0,119.0,73.39,291.1,1000.0,834.2,273.7,66.47,59.69,57.17,35.67
080,38.44,375400000.0,0.339,19.15,0.0,121.0,53.65,571.9,1000.0,745.9,236.1,85.51,59.42,50.59,26.0
081,23.51,209500000.0,0.4615,7.107,0.0,121.0,53.65,571.9,1000.0,745.9,236.1,85.51,59.42,50.59,26.0
082,12.4,473300000.0,0.3056,13.26,0.0,121.0,53.65,571.9,1000.0,745.9,236.1,85.51,59.42,50.59,26.0
083,29.38,103000000.0,0.07561,2.251,0.0,121.0,53.65,571.9,1000.0,745.9,236.1,85.51,59.42,50.59,26.0
084,17.61,24550000.0,0.2525,4.08,0.0,121.0,53.65,571.9,1000.0,745.9,236.1,85.51,59.42,50.59,26.0
085,8.649,326300000.0,0.1721,-3.289,0.0,121.0,53.65,571.9,1000.0,745.9,236.1,85.51,59.42,50.59,26.0
086,34.75,254700000.0,0.4463,8.205,0.0,121.0,53.65,571.9,1000.0,745.9,236.1,85.51,59.42,50.59,26.0
087,6.385,175200000.0,0.1862,16.76,0.0,121.0,53.65,571.9,1000.0,745.9,236.1,85.51,59.42,50.59,26.0
088,3.257,427300000.0,0.1,-1.593,0.0,121.0,53.65,571.9,1000.0,745.9,236.1,85.51,59.42,50.59,26.0
089,25.41,55630000.0,0.4028,11.18,0.0,121.0,53.65,571.9,1000.0,745.9,236.1,85.51,59.42,50.59,26.0
090,36.12,236200000.0,0.2366,0.5333,0.0,190.7,76.35,454.3,1000.0,730.7,253.1,77.68,54.82,56.65,26.68
091,11.45,424100000.0,0.4458,12.47,0.0,190.7,76.35,454.3,1000.0,730.7,253.1,77.68,54.82,56.65,26.68
092,29.07,398900000.0,0.393,10.26,0.0,190.7,76.35,454.3,1000.0,730.7,253.1,77.68,54.82,56.65,26.68
093,25.07,163300000.0,0.06201,6.65,0.0,190.7,76.35,454.3,1000.0,730.7,253.1,77.68,54.82,56.65,26.68
094,35.38,340600000.0,0.3235,18.88,0.0,190.7,76.35,454.3,1000.0,730.7,253.1,77.68,54.82,56.65,26.68
095,5.159,93370000.0,0.1549,15.65,0.0,190.7,76.35,454.3,1000.0,730.7,253.1,77.68,54.82,56.65,26.68
096,21.96,480700000.0,0.4776,-2.733,0.0,190.7,76.35,454.3,1000.0,730.7,253.1,77.68,54.82,56.65,26.68
097,18.16,50490000.0,0.2765,3.529,0.0,190.7,76.35,454.3,1000.0,730.7,253.1,77.68,54.82,56.65,26.68
098,13.23,265400000.0,0.1074,2.471,0.0,190.7,76.35,454.3,1000.0,730.7,253.1,77.68,54.82,56.65,26.68
099,0.8771,123200000.0,0.2279,13.93,0.0,190.7,76.35,454.3,1000.0,730.7,253.1,77.68,54.82,56.65,26.68
100,16.14,65480000.0,0.1182,18.78,0.0,161.9,154.7,333.5,1000.0,782.8,229.3,62.42,44.3,48.44,37.19
101,38.89,209100000.0,0.2847,-0.3604,0.0,161.9,154.7,333.5,1000.0,782.8,229.3,62.42,44.3,48.44,37.19
102,5.773,15260000.0,0.3686,0.9015,0.0,161.9,154.7,333.5,1000.0,782.8,229.3,62.42,44.3,48.44,37.19
103,31.45,148900000.0,0.1677,8.487,0.0,161.9,154.7,333.5,1000.0,782.8,229.3,62.42,44.3,48.44,37.19
104,34.69,449900000.0,0.4474,14.44,0.0,161.9,154.7,333.5,1000.0,782.8,229.3,62.42,44.3,48.44,37.19
105,10.26,377900000.0,0.2599,11.31,0.0,161.9,154.7,333.5,1000.0,782.8,229.3,62.42,44.3,48.44,37.19
106,12.6,191700000.0,0.3284,3.475,0.0,161.9,154.7,333.5,1000.0,782.8,229.3,62.42,44.3,48.44,37.19
107,2.084,308800000.0,0.08967,-2.616,0.0,161.9,154.7,333.5,1000.0,782.8,229.3,62.42,44.3,48.44,37.19
108,25.01,264500000.0,0.4823,5.981,0.0,161.9,154.7,333.5,1000.0,782.8,229.3,62.42,44.3,48.44,37.19
109,22.34,497600000.0,0.2158,15.31,0.0,161.9,154.7,333.5,1000.0,782.8,229.3,62.42,44.3,48.44,37.19
110,2.815,460300000.0,0.1388,14.64,0.0,124.6,128.4,231.3,1000.0,787.8,197.1,83.79,50.48,56.07,33.58
111,29.82,300800000.0,0.191,7.416,0.0,124.6,128.4,231.3,1000.0,787.8,197.1,83.79,50.48,56.07,33.58
112,33.97,121600000.0,0.3582,12.67,0.0,124.6,128.4,231.3,1000.0,787.8,197.1,83.79,50.48,56.07,33.58
113,36.43,23430000.0,0.2474,19.14,0.0,124.6,128.4,231.3,1000.0,787.8,197.1,83.79,50.48,56.07,33.58
114,18.58,364100000.0,0.4941,16.01,0.0,124.6,128.4,231.3,1000.0,787.8,197.1,83.79,50.48,56.07,33.58
115,5.342,153200000.0,0.412,0.7381,0.0,124.6,128.4,231.3,1000.0,787.8,197.1,83.79,50.48,56.07,33.58
116,8.217,265500000.0,0.05911,2.985,0.0,124.6,128.4,231.3,1000.0,787.8,197.1,83.79,50.48,56.07,33.58
117,27.05,440200000.0,0.2836,-3.623,0.0,124.6,128.4,231.3,1000.0,787.8,197.1,83.79,50.48,56.07,33.58
118,21.19,239100000.0,0.3694,9.275,0.0,124.6,128.4,231.3,1000.0,787.8,197.1,83.79,50.48,56.07,33.58
119,12.04,99350000.0,0.1598,4.053,0.0,124.6,128.4,231.3,1000.0,787.8,197.1,83.79,50.48,56.07,33.58
120,2.056,391200000.0,0.3602,9.397,0.0,199.2,143.7,228.8,1000.0,774.7,194.7,64.44,43.75,44.45,34.5
121,9.474,323000000.0,0.2169,18.35,0.0,199.2,143.7,228.8,1000.0,774.7,194.7,64.44,43.75,44.45,34.5
122,6.15,477200000.0,0.05873,-3.727,0.0,199.2,143.7,228.8,1000.0,774.7,194.7,64.44,43.75,44.45,34.5
123,27.95,61440000.0,0.4084,13.87,0.0,199.2,143.7,228.8,1000.0,774.7,194.7,64.44,43.75,44.45,34.5
124,14.97,441700000.0,0.4482,5.954,0.0,199.2,143.7,228.8,1000.0,774.7,194.7,64.44,43.75,44.45,34.5
125,18.35,151200000.0,0.2683,11.16,0.0,199.2,143.7,228.8,1000.0,774.7,194.7,64.44,43.75,44.45,34.5
126,37.44,236700000.0,0.3056,16.07,0.0,199.2,143.7,228.8,1000.0,774.7,194.7,64.44,43.75,44.45,34.5
127,33.46,119600000.0,0.1743,-0.4057,0.0,199.2,143.7,228.8,1000.0,774.7,194.7,64.44,43.75,44.45,34.5
128,28.44,12620000.0,0.111,4.746,0.0,199.2,143.7,228.8,1000.0,774.7,194.7,64.44,43.75,44.45,34.5
129,22.57,295500000.0,0.4783,1.388,0.0,199.2,143.7,228.8,1000.0,774.7,194.7,64.44,43.75,44.45,34.5
130,11.4,69930000.0,0.09258,10.58,0.0,115.7,117.9,221.6,1000.0,603.9,246.2,64.94,55.66,50.6,25.64
131,1.369,412500000.0,0.1284,10.26,0.0,115.7,117.9,221.6,1000.0,603.9,246.2,64.94,55.66,50.6,25.64
132,13.75,165800000.0,0.325,4.995,0.0,115.7,117.9,221.6,1000.0,603.9,246.2,64.94,55.66,50.6,25.64
133,4.054,390400000.0,0.4363,0.5827,0.0,115.7,117.9,221.6,1000.0,603.9,246.2,64.94,55.66,50.6,25.64
134,33.84,259600000.0,0.234,1.892,0.0,115.7,117.9,221.6,1000.0,603.9,246.2,64.94,55.66,50.6,25.64
135,28.68,341500000.0,0.4083,19.72,0.0,115.7,117.9,221.6,1000.0,603.9,246.2,64.94,55.66,50.6,25.64
136,37.49,214000000.0,0.2231,-1.82,0.0,115.7,117.9,221.6,1000.0,603.9,246.2,64.94,55.66,50.6,25.64
137,24.17,18710000.0,0.4707,15.33,0.0,115.7,117.9,221.6,1000.0,603.9,246.2,64.94,55.66,50.6,25.64
138,16.59,104500000.0,0.2874,13.7,0.0,115.7,117.9,221.6,1000.0,603.9,246.2,64.94,55.66,50.6,25.64
139,21.55,458000000.0,0.1442,7.758,0.0,115.7,117.9,221.6,1000.0,603.9,246.2,64.94,55.66,50.6,25.64
140,23.07,490700000.0,0.2884,4.173,0.0,196.2,155.7,540.7,1000.0,671.1,192.2,66.89,59.12,51.23,26.38
141,30.93,276300000.0,0.2222,18.7,0.0,196.2,155.7,540.7,1000.0,671.1,192.2,66.89,59.12,51.23,26.38
142,18.95,14140000.0,0.06027,16.06,0.0,196.2,155.7,540.7,1000.0,671.1,192.2,66.89,59.12,51.23,26.38
143,13.53,188100000.0,0.3648,11.04,0.0,196.2,155.7,540.7,1000.0,671.1,192.2,66.89,59.12,51.23,26.38
144,35.83,323400000.0,0.263,7.116,0.0,196.2,155.7,540.7,1000.0,671.1,192.2,66.89,59.12,51.23,26.38
145,36.24,391100000.0,0.3865,-2.152,0.0,196.2,155.7,540.7,1000.0,671.1,192.2,66.89,59.12,51.23,26.38
146,26.81,247600000.0,0.4448,14.79,0.0,196.2,155.7,540.7,1000.0,671.1,192.2,66.89,59.12,51.23,26.38
147,11.13,63140000.0,0.1068,10.28,0.0,196.2,155.7,540.7,1000.0,671.1,192.2,66.89,59.12,51.23,26.38
148,0.3419,104700000.0,0.1826,2.689,0.0,196.2,155.7,540.7,1000.0,671.1,192.2,66.89,59.12,51.23,26.38
149,5.555,430900000.0,0.4902,0.1601,0.0,196.2,155.7,540.7,1000.0,671.1,192.2,66.89,59.12,51.23,26.38
150,0.2086,139000000.0,0.3087,12.24,0.0,116.7,60.2,321.6,1000.0,667.2,201.8,86.71,55.06,53.47,36.83
151,35.32,221300000.0,0.4063,2.761,0.0,116.7,60.2,321.6,1000.0,667.2,201.8,86.71,55.06,53.47,36.83
152,5.938,199000000.0,0.2139,-3.187,0.0,116.7,60.2,321.6,1000.0,667.2,201.8,86.71,55.06,53.47,36.83
153,29.0,406100000.0,0.4814,13.56,0.0,116.7,60.2,321.6,1000.0,667.2,201.8,86.71,55.06,53.47,36.83
154,21.27,287500000.0,0.09836,5.955,0.0,116.7,60.2,321.6,1000.0,667.2,201.8,86.71,55.06,53.47,36.83
155,27.21,351300000.0,0.3338,8.347,0.0,116.7,60.2,321.6,1000.0,667.2,201.8,86.71,55.06,53.47,36.83
156,13.31,484400000.0,0.2582,15.72,0.0,116.7,60.2,321.6,1000.0,667.2,201.8,86.71,55.06,53.47,36.83
157,11.18,37870000.0,0.4324,17.96,0.0,116.7,60.2,321.6,1000.0,667.2,201.8,86.71,55.06,53.47,36.83
158,19.26,327100000.0,0.06872,-0.3335,0.0,116.7,60.2,321.6,1000.0,667.2,201.8,86.71,55.06,53.47,36.83
159,36.67,89960000.0,0.1502,3.789,0.0,116.7,60.2,321.6,1000.0,667.2,201.8,86.71,55.06,53.47,36.83
160,29.92,240300000.0,0.1537,12.82,0.0,100.4,97.2,526.0,1000.0,679.1,208.8,81.35,45.62,43.08,27.39
161,18.38,330100000.0,0.386,10.49,0.0,100.4,97.2,526.0,1000.0,679.1,208.8,81.35,45.62,43.08,27.39
162,10.16,3784000.0,0.2286,-0.7101,0.0,100.4,97.2,526.0,1000.0,679.1,208.8,81.35,45.62,43.08,27.39
163,37.91,189800000.0,0.1344,3.237,0.0,100.4,97.2,526.0,1000.0,679.1,208.8,81.35,45.62,43.08,27.39
164,2.005,397600000.0,0.495,-3.765,0.0,100.4,97.2,526.0,1000.0,679.1,208.8,81.35,45.62,43.08,27.39
165,33.5,137600000.0,0.2996,9.702,0.0,100.4,97.2,526.0,1000.0,679.1,208.8,81.35,45.62,43.08,27.39
166,21.43,463400000.0,0.05495,1.385,0.0,100.4,97.2,526.0,1000.0,679.1,208.8,81.35,45.62,43.08,27.39
167,7.445,409300000.0,0.2492,7.833,0.0,100.4,97.2,526.0,1000.0,679.1,208.8,81.35,45.62,43.08,27.39
168,13.14,51060000.0,0.4463,18.72,0.0,100.4,97.2,526.0,1000.0,679.1,208.8,81.35,45.62,43.08,27.39
169,27.17,290100000.0,0.3425,17.11,0.0,100.4,97.2,526.0,1000.0,679.1,208.8,81.35,45.62,43.08,27.39
170,13.24,385700000.0,0.3037,-0.7647,0.0,148.8,163.3,374.9,1000.0,756.6,271.5,60.74,47.06,42.25,35.15
171,27.74,67280000.0,0.408,3.231,0.0,148.8,163.3,374.9,1000.0,756.6,271.5,60.74,47.06,42.25,35.15
172,11.85,345300000.0,0.06537,-1.733,0.0,148.8,163.3,374.9,1000.0,756.6,271.5,60.74,47.06,42.25,35.15
173,31.83,9870000.0,0.2211,10.59,0.0,148.8,163.3,374.9,1000.0,756.6,271.5,60.74,47.06,42.25,35.15
174,6.07,139800000.0,0.1081,18.87,0.0,148.8,163.3,374.9,1000.0,756.6,271.5,60.74,47.06,42.25,35.15
175,22.14,493200000.0,0.4703,0.9758,0.0,148.8,163.3,374.9,1000.0,756.6,271.5,60.74,47.06,42.25,35.15
176,33.9,238000000.0,0.2453,8.297,0.0,148.8,163.3,374.9,1000.0,756.6,271.5,60.74,47.06,42.25,35.15
177,17.64,167500000.0,0.4497,17.42,0.0,148.8,163.3,374.9,1000.0,756.6,271.5,60.74,47.06,42.25,35.15
178,36.03,439500000.0,0.3512,6.56,0.0,148.8,163.3,374.9,1000.0,756.6,271.5,60.74,47.06,42.25,35.15
179,3.236,277200000.0,0.1635,14.36,0.0,148.8,163.3,374.9,1000.0,756.6,271.5,60.74,47.06,42.25,35.15
180,26.27,159400000.0,0.4127,5.468,0.0,133.0,140.1,313.7,1000.0,817.9,187.5,88.85,47.0,41.55,29.18
181,16.9,389600000.0,0.06195,14.05,0.0,133.0,140.1,313.7,1000.0,817.9,187.5,88.85,47.0,41.55,29.18
182,14.22,448000000.0,0.3055,2.33,0.0,133.0,140.1,313.7,1000.0,817.9,187.5,88.85,47.0,41.55,29.18
183,23.87,46130000.0,0.1479,19.93,0.0,133.0,140.1,313.7,1000.0,817.9,187.5,88.85,47.0,41.55,29.18
184,0.3465,99250000.0,0.225,9.446,0.0,133.0,140.1,313.7,1000.0,817.9,187.5,88.85,47.0,41.55,29.18
185,11.54,225000000.0,0.3278,17.2,0.0,133.0,140.1,313.7,1000.0,817.9,187.5,88.85,47.0,41.55,29.18
186,34.73,120800000.0,0.1162,0.6741,0.0,133.0,140.1,313.7,1000.0,817.9,187.5,88.85,47.0,41.55,29.18
187,30.67,294200000.0,0.2349,10.68,0.0,133.0,140.1,313.7,1000.0,817.9,187.5,88.85,47.0,41.55,29.18
188,38.33,342000000.0,0.4591,6.302,0.0,133.0,140.1,313.7,1000.0,817.9,187.5,88.85,47.0,41.55,29.18
189,4.536,483000000.0,0.3904,-2.875,0.0,133.0,140.1,313.7,1000.0,817.9,187.5,88.85,47.0,41.55,29.18
190,28.26,66040000.0,0.1592,-0.8702,0.0,166.0,52.81,263.3,1000.0,591.9,258.7,89.79,46.49,54.48,33.95
191,39.83,282700000.0,0.4551,10.4,0.0,166.0,52.81,263.3,1000.0,591.9,258.7,89.79,46.49,54.48,33.95
192,32.44,390200000.0,0.1051,-2.22,0.0,166.0,52.81,263.3,1000.0,591.9,258.7,89.79,46.49,54.48,33.95
193,7.372,313300000.0,0.432,6.907,0.0,166.0,52.81,263.3,1000.0,591.9,258.7,89.79,46.49,54.48,33.95
194,12.74,247400000.0,0.3028,19.13,0.0,166.0,52.81,263.3,1000.0,591.9,258.7,89.79,46.49,54.48,33.95
195,19.56,28820000.0,0.07015,14.8,0.0,166.0,52.81,263.3,1000.0,591.9,258.7,89.79,46.49,54.48,33.95
196,27.92,457900000.0,0.206,2.242,0.0,166.0,52.81,263.3,1000.0,591.9,258.7,89.79,46.49,54.48,33.95
197,11.91,162800000.0,0.2302,10.36,0.0,166.0,52.81,263.3,1000.0,591.9,258.7,89.79,46.49,54.48,33.95
198,21.83,144000000.0,0.3354,4.495,0.0,166.0,52.81,263.3,1000.0,591.9,258.7,89.79,46.49,54.48,33.95
199,3.612,406900000.0,0.3847,16.3,0.0,166.0,52.81,263.3,1000.0,591.9,258.7,89.79,46.49,54.48,33.95
200,24.28,196100000.0,0.1402,13.74,0.0,128.2,171.6,576.8,1000.0,841.0,184.3,81.0,46.24,51.77,25.83
201,7.491,297700000.0,0.4808,-3.029,0.0,128.2,171.6,576.8,1000.0,841.0,184.3,81.0,46.24,51.77,25.83
202,23.02,202600000.0,0.2988,5.717,0.0,128.2,171.6,576.8,1000.0,841.0,184.3,81.0,46.24,51.77,25.83
203,8.986,49790000.0,0.4369,11.83,0.0,128.2,171.6,576.8,1000.0,841.0,184.3,81.0,46.24,51.77,25.83
204,2.826,343700000.0,0.07309,17.02,0.0,128.2,171.6,576.8,1000.0,841.0,184.3,81.0,46.24,51.77,25.83
205,13.13,128600000.0,0.3715,-1.489,0.0,128.2,171.6,576.8,1000.0,841.0,184.3,81.0,46.24,51.77,25.83
206,16.66,77170000.0,0.3232,8.684,0.0,128.2,171.6,576.8,1000.0,841.0,184.3,81.0,46.24,51.77,25.83
207,37.64,401900000.0,0.2445,4.791,0.0,128.2,171.6,576.8,1000.0,841.0,184.3,81.0,46.24,51.77,25.83
208,31.9,462800000.0,0.2207,2.038,0.0,128.2,171.6,576.8,1000.0,841.0,184.3,81.0,46.24,51.77,25.83
209,35.6,361700000.0,0.1234,18.87,0.0,128.2,171.6,576.8,1000.0,841.0,184.3,81.0,46.24,51.77,25.83
210,11.86,431500000.0,0.3132,16.96,0.0,121.6,180.8,480.2,1000.0,843.8,241.5,86.2,54.46,40.34,29.65
211,34.92,268600000.0,0.2476,-0.4517,0.0,121.6,180.8,480.2,1000.0,843.8,241.5,86.2,54.46,40.34,29.65
212,39.71,169600000.0,0.07004,3.501,0.0,121.6,180.8,480.2,1000.0,843.8,241.5,86.2,54.46,40.34,29.65
213,30.89,103400000.0,0.1245,12.2,0.0,121.6,180.8,480.2,1000.0,843.8,241.5,86.2,54.46,40.34,29.65
214,26.83,240300000.0,0.421,8.573,0.0,121.6,180.8,480.2,1000.0,843.8,241.5,86.2,54.46,40.34,29.65
215,12.71,360600000.0,0.1549,18.38,0.0,121.6,180.8,480.2,1000.0,843.8,241.5,86.2,54.46,40.34,29.65
216,7.878,8488000.0,0.4057,14.08,0.0,121.6,180.8,480.2,1000.0,843.8,241.5,86.2,54.46,40.34,29.65
217,16.81,61820000.0,0.4998,-3.778,0.0,121.6,180.8,480.2,1000.0,843.8,241.5,86.2,54.46,40.34,29.65
218,20.69,481300000.0,0.3594,3.032,0.0,121.6,180.8,480.2,1000.0,843.8,241.5,86.2,54.46,40.34,29.65
219,0.2532,322500000.0,0.2238,7.015,0.0,121.6,180.8,480.2,1000.0,843.8,241.5,86.2,54.46,40.34,29.65
220,29.22,306300000.0,0.07453,12.41,0.0,158.6,78.43,207.8,1000.0,588.5,211.4,62.79,58.95,47.79,38.85
221,21.5,444200000.0,0.1985,15.84,0.0,158.6,78.43,207.8,1000.0,588.5,211.4,62.79,58.95,47.79,38.85
222,19.64,476800000.0,0.1563,3.407,0.0,158.6,78.43,207.8,1000.0,588.5,211.4,62.79,58.95,47.79,38.85
223,7.286,237700000.0,0.2933,-1.989,0.0,158.6,78.43,207.8,1000.0,588.5,211.4,62.79,58.95,47.79,38.85
224,12.51,387700000.0,0.3826,10.34,0.0,158.6,78.43,207.8,1000.0,588.5,211.4,62.79,58.95,47.79,38.85
225,32.62,165000000.0,0.1306,19.14,0.0,158.6,78.43,207.8,1000.0,588.5,211.4,62.79,58.95,47.79,38.85
226,27.71,95260000.0,0.2409,-0.03407,0.0,158.6,78.43,207.8,1000.0,588.5,211.4,62.79,58.95,47.79,38.85
227,38.11,46880000.0,0.3463,2.738,0.0,158.6,78.43,207.8,1000.0,588.5,211.4,62.79,58.95,47.79,38.85
228,2.408,118200000.0,0.4643,12.99,0.0,158.6,78.43,207.8,1000.0,588.5,211.4,62.79,58.95,47.79,38.85
229,10.66,283900000.0,0.4103,5.718,0.0,158.6,78.43,207.8,1000.0,588.5,211.4,62.79,58.95,47.79,38.85
230,8.801,489500000.0,0.236,1.572,0.0,102.0,157.9,476.7,1000.0,764.3,232.7,68.56,41.47,41.02,38.02
231,1.058,408100000.0,0.4452,19.71,0.0,102.0,157.9,476.7,1000.0,764.3,232.7,68.56,41.47,41.02,38.02
232,35.01,282100000.0,0.06755,5.03,0.0,102.0,157.9,476.7,1000.0,764.3,232.7,68.56,41.47,41.02,38.02
233,20.46,384000000.0,0.1356,12.12,0.0,102.0,157.9,476.7,1000.0,764.3,232.7,68.56,41.47,41.02,38.02
234,18.92,170200000.0,0.4037,8.334,0.0,102.0,157.9,476.7,1000.0,764.3,232.7,68.56,41.47,41.02,38.02
235,26.06,319900000.0,0.1482,-1.118,0.0,102.0,157.9,476.7,1000.0,764.3,232.7,68.56,41.47,41.02,38.02
236,13.87,42710000.0,0.2921,-3.936,0.0,102.0,157.9,476.7,1000.0,764.3,232.7,68.56,41.47,41.02,38.02
237,28.95,113400000.0,0.3545,16.17,0.0,102.0,157.9,476.7,1000.0,764.3,232.7,68.56,41.47,41.02,38.02
238,5.716,93630000.0,0.1957,13.92,0.0,102.0,157.9,476.7,1000.0,764.3,232.7,68.56,41.47,41.02,38.02
239,36.45,229400000.0,0.4955,7.601,0.0,102.0,157.9,476.7,1000.0,764.3,232.7,68.56,41.47,41.02,38.02
240,36.06,17680000.0,0.1065,-0.5548,0.0,153.5,68.58,436.6,1000.0,594.3,248.9,61.82,55.92,43.87,39.97
241,3.506,244700000.0,0.4169,15.29,0.0,153.5,68.58,436.6,1000.0,594.3,248.9,61.82,55.92,43.87,39.97
242,26.35,378900000.0,0.4734,13.65,0.0,153.5,68.58,436.6,1000.0,594.3,248.9,61.82,55.92,43.87,39.97
243,29.37,447200000.0,0.407,3.028,0.0,153.5,68.58,436.6,1000.0,594.3,248.9,61.82,55.92,43.87,39.97
244,21.42,470200000.0,0.345,9.147,0.0,153.5,68.58,436.6,1000.0,594.3,248.9,61.82,55.92,43.87,39.97
245,14.11,78550000.0,0.2192,10.76,0.0,153.5,68.58,436.6,1000.0,594.3,248.9,61.82,55.92,43.87,39.97
246,10.34,105300000.0,0.2574,18.37,0.0,153.5,68.58,436.6,1000.0,594.3,248.9,61.82,55.92,43.87,39.97
247,32.4,286200000.0,0.1427,5.373,0.0,153.5,68.58,436.6,1000.0,594.3,248.9,61.82,55.92,43.87,39.97
248,6.715,166400000.0,0.2998,-3.995,0.0,153.5,68.58,436.6,1000.0,594.3,248.9,61.82,55.92,43.87,39.97
249,17.1,330500000.0,0.08164,7.649,0.0,153.5,68.58,436.6,1000.0,594.3,248.9,61.82,55.92,43.87,39.97
250,12.49,450900000.0,0.3387,19.49,0.0,138.1,84.73,251.7,1000.0,796.8,276.7,74.79,51.7,52.18,35.04
251,24.06,26290000.0,0.2462,-3.939,0.0,138.1,84.73,251.7,1000.0,796.8,276.7,74.79,51.7,52.18,35.04
252,22.53,343400000.0,0.08207,5.093,0.0,138.1,84.73,251.7,1000.0,796.8,276.7,74.79,51.7,52.18,35.04
253,16.35,214000000.0,0.4138,13.15,0.0,138.1,84.73,251.7,1000.0,796.8,276.7,74.79,51.7,52.18,35.04
254,0.6184,116000000.0,0.2226,6.813,0.0,138.1,84.73,251.7,1000.0,796.8,276.7,74.79,51.7,52.18,35.04
255,10.52,422300000.0,0.4088,9.79,0.0,138.1,84.73,251.7,1000.0,796.8,276.7,74.79,51.7,52.18,35.04
256,38.97,398100000.0,0.118,16.07,0.0,138.1,84.73,251.7,1000.0,796.8,276.7,74.79,51.7,52.18,35.04
257,33.11,186300000.0,0.3003,-1.374,0.0,138.1,84.73,251.7,1000.0,796.8,276.7,74.79,51.7,52.18,35.04
258,28.7,280100000.0,0.4569,11.71,0.0,138.1,84.73,251.7,1000.0,796.8,276.7,74.79,51.7,52.18,35.04
259,5.502,81820000.0,0.153,1.075,0.0,138.1,84.73,251.7,1000.0,796.8,276.7,74.79,51.7,52.18,35.04
260,7.382,145300000.0,0.1999,19.4,0.0,139.1,113.4,490.8,1000.0,848.5,274.0,69.38,49.82,45.22,30.89
261,30.29,478900000.0,0.1247,0.3442,0.0,139.1,113.4,490.8,1000.0,848.5,274.0,69.38,49.82,45.22,30.89
262,21.67,74440000.0,0.3754,8.384,0.0,139.1,113.4,490.8,1000.0,848.5,274.0,69.38,49.82,45.22,30.89
263,10.14,278700000.0,0.2458,15.21,0.0,139.1,113.4,490.8,1000.0,848.5,274.0,69.38,49.82,45.22,30.89
264,26.49,333500000.0,0.4194,5.535,0.0,139.1,113.4,490.8,1000.0,848.5,274.0,69.38,49.82,45.22,30.89
265,36.65,24420000.0,0.4622,6.465,0.0,139.1,113.4,490.8,1000.0,848.5,274.0,69.38,49.82,45.22,30.89
266,19.96,179100000.0,0.06126,2.209,0.0,139.1,113.4,490.8,1000.0,848.5,274.0,69.38,49.82,45.22,30.89
267,12.94,362500000.0,0.2959,11.3,0.0,139.1,113.4,490.8,1000.0,848.5,274.0,69.38,49.82,45.22,30.89
268,2.684,205500000.0,0.1828,13.09,0.0,139.1,113.4,490.8,1000.0,848.5,274.0,69.38,49.82,45.22,30.89
269,34.17,414300000.0,0.3588,-2.752,0.0,139.1,113.4,490.8,1000.0,848.5,274.0,69.38,49.82,45.22,30.89
270,15.6,236600000.0,0.4919,6.893,0.0,179.5,110.4,513.6,1000.0,625.2,239.3,69.25,58.65,55.7,37.46
271,32.17,174300000.0,0.4245,-2.23,0.0,179.5,110.4,513.6,1000.0,625.2,239.3,69.25,58.65,55.7,37.46
272,22.6,412300000.0,0.2858,14.6,0.0,179.5,110.4,513.6,1000.0,625.2,239.3,69.25,58.65,55.7,37.46
273,5.282,11990000.0,0.3341,18.29,0.0,179.5,110.4,513.6,1000.0,625.2,239.3,69.25,58.65,55.7,37.46
274,11.02,99070000.0,0.09673,-1.142,0.0,179.5,110.4,513.6,1000.0,625.2,239.3,69.25,58.65,55.7,37.46
275,16.48,318500000.0,0.2551,15.94,0.0,179.5,110.4,513.6,1000.0,625.2,239.3,69.25,58.65,55.7,37.46
276,25.37,256700000.0,0.2167,2.465,0.0,179.5,110.4,513.6,1000.0,625.2,239.3,69.25,58.65,55.7,37.46
277,0.6987,463800000.0,0.3653,9.448,0.0,179.5,110.4,513.6,1000.0,625.2,239.3,69.25,58.65,55.7,37.46
278,37.36,380800000.0,0.0701,5.316,0.0,179.5,110.4,513.6,1000.0,625.2,239.3,69.25,58.65,55.7,37.46
279,29.58,139700000.0,0.1509,12.5,0.0,179.5,110.4,513.6,1000.0,625.2,239.3,69.25,58.65,55.7,37.46
280,27.89,415900000.0,0.0829,15.36,0.0,145.0,98.41,210.2,1000.0,645.2,240.6,75.12,52.96,51.96,33.0
281,32.75,41730000.0,0.2034,19.88,0.0,145.0,98.41,210.2,1000.0,645.2,240.6,75.12,52.96,51.96,33.0
282,38.3,146200000.0,0.3791,13.36,0.0,145.0,98.41,210.2,1000.0,645.2,240.6,75.12,52.96,51.96,33.0
283,29.44,90820000.0,0.09732,0.6527,0.0,145.0,98.41,210.2,1000.0,645.2,240.6,75.12,52.96,51.96,33.0
284,21.45,181200000.0,0.2905,8.714,0.0,145.0,98.41,210.2,1000.0,645.2,240.6,75.12,52.96,51.96,33.0
285,6.016,256600000.0,0.2405,-1.623,0.0,145.0,98.41,210.2,1000.0,645.2,240.6,75.12,52.96,51.96,33.0
286,20.0,390100000.0,0.4806,4.301,0.0,145.0,98.41,210.2,1000.0,645.2,240.6,75.12,52.96,51.96,33.0
287,9.561,307400000.0,0.1402,6.721,0.0,145.0,98.41,210.2,1000.0,645.2,240.6,75.12,52.96,51.96,33.0
288,15.56,211700000.0,0.4511,11.14,0.0,145.0,98.41,210.2,1000.0,645.2,240.6,75.12,52.96,51.96,33.0
289,3.135,486300000.0,0.3631,1.541,0.0,145.0,98.41,210.2,1000.0,645.2,240.6,75.12,52.96,51.96,33.0
290,11.22,50940000.0,0.3725,5.815,0.0,133.5,61.36,530.6,1000.0,682.7,227.9,77.39,48.96,56.99,36.28
291,4.653,210300000.0,0.304,10.77,0.0,133.5,61.36,530.6,1000.0,682.7,227.9,77.39,48.96,56.99,36.28
292,39.93,195200000.0,0.4168,5.224,0.0,133.5,61.36,530.6,1000.0,682.7,227.9,77.39,48.96,56.99,36.28
293,17.1,373700000.0,0.1421,15.8,0.0,133.5,61.36,530.6,1000.0,682.7,227.9,77.39,48.96,56.99,36.28
294,22.57,37980000.0,0.3357,13.72,0.0,133.5,61.36,530.6,1000.0,682.7,227.9,77.39,48.96,56.99,36.28
295,3.563,101400000.0,0.086,-1.908,0.0,133.5,61.36,530.6,1000.0,682.7,227.9,77.39,48.96,56.99,36.28
296,35.74,268800000.0,0.27,19.29,0.0,133.5,61.36,530.6,1000.0,682.7,227.9,77.39,48.96,56.99,36.28
297,15.34,308600000.0,0.2083,8.83,0.0,133.5,61.36,530.6,1000.0,682.7,227.9,77.39,48.96,56.99,36.28
298,26.08,473700000.0,0.1042,0.218,0.0,133.5,61.36,530.6,1000.0,682.7,227.9,77.39,48.96,56.99,36.28
299,31.28,445300000.0,0.4898,3.089,0.0,133.5,61.36,530.6,1000.0,682.7,227.9,77.39,48.96,56.99,36.28
300,11.07,127300000.0,0.4614,10.22,0.0,166.7,70.67,280.6,1000.0,582.7,193.9,76.78,41.14,57.29,35.43
301,22.48,381000000.0,0.3238,1.882,0.0,166.7,70.67,280.6,1000.0,582.7,193.9,76.78,41.14,57.29,35.43
302,24.34,96310000.0,0.1468,13.75,0.0,166.7,70.67,280.6,1000.0,582.7,193.9,76.78,41.14,57.29,35.43
303,5.185,175800000.0,0.0514,5.837,0.0,166.7,70.67,280.6,1000.0,582.7,193.9,76.78,41.14,57.29,35.43
304,14.05,269100000.0,0.2155,18.32,0.0,166.7,70.67,280.6,1000.0,582.7,193.9,76.78,41.14,57.29,35.43
305,38.46,479200000.0,0.4331,-2.674,0.0,166.7,70.67,280.6,1000.0,582.7,193.9,76.78,41.14,57.29,35.43
306,16.64,27910000.0,0.1164,16.17,0.0,166.7,70.67,280.6,1000.0,582.7,193.9,76.78,41.14,57.29,35.43
307,34.65,417500000.0,0.3011,4.428,0.0,166.7,70.67,280.6,1000.0,582.7,193.9,76.78,41.14,57.29,35.43
308,0.06249,338500000.0,0.2376,-0.118,0.0,166.7,70.67,280.6,1000.0,582.7,193.9,76.78,41.14,57.29,35.43
309,30.29,235300000.0,0.3975,11.06,0.0,166.7,70.67,280.6,1000.0,582.7,193.9,76.78,41.14,57.29,35.43
310,5.028,263200000.0,0.3549,8.494,0.0,136.6,104.9,678.8,1000.0,659.6,250.4,83.36,44.48,56.23,32.71
311,29.14,244900000.0,0.3772,-2.048,0.0,136.6,104.9,678.8,1000.0,659.6,250.4,83.36,44.48,56.23,32.71
312,36.6,51340000.0,0.4316,16.28,0.0,136.6,104.9,678.8,1000.0,659.6,250.4,83.36,44.48,56.23,32.71
313,26.05,480400000.0,0.4765,11.66,0.0,136.6,104.9,678.8,1000.0,659.6,250.4,83.36,44.48,56.23,32.71
314,16.5,40340000.0,0.2909,3.805,0.0,136.6,104.9,678.8,1000.0,659.6,250.4,83.36,44.48,56.23,32.71
315,8.062,433700000.0,0.2454,18.32,0.0,136.6,104.9,678.8,1000.0,659.6,250.4,83.36,44.48,56.23,32.71
316,21.06,391900000.0,0.1579,-0.5394,0.0,136.6,104.9,678.8,1000.0,659.6,250.4,83.36,44.48,56.23,32.71
317,13.98,300900000.0,0.1247,1.869,0.0,136.6,104.9,678.8,1000.0,659.6,250.4,83.36,44.48,56.23,32.71
318,32.05,125700000.0,0.1973,13.85,0.0,136.6,104.9,678.8,1000.0,659.6,250.4,83.36,44.48,56.23,32.71
319,3.911,175700000.0,0.08001,6.163,0.0,136.6,104.9,678.8,1000.0,659.6,250.4,83.36,44.48,56.23,32.71
320,11.91,294600000.0,0.2286,9.034,0.0,106.1,184.1,644.4,1000.0,795.9,222.7,89.34,48.46,59.03,25.44
321,28.75,371300000.0,0.09722,10.51,0.0,106.1,184.1,644.4,1000.0,795.9,222.7,89.34,48.46,59.03,25.44
322,23.97,198500000.0,0.4558,17.38,0.0,106.1,184.1,644.4,1000.0,795.9,222.7,89.34,48.46,59.03,25.44
323,37.57,89290000.0,0.3904,-3.648,0.0,106.1,184.1,644.4,1000.0,795.9,222.7,89.34,48.46,59.03,25.44
324,27.69,494400000.0,0.307,14.44,0.0,106.1,184.1,644.4,1000.0,795.9,222.7,89.34,48.46,59.03,25.44
325,13.62,231900000.0,0.2705,-0.3586,0.0,106.1,184.1,644.4,1000.0,795.9,222.7,89.34,48.46,59.03,25.44
326,32.76,139500000.0,0.324,1.075,0.0,106.1,184.1,644.4,1000.0,795.9,222.7,89.34,48.46,59.03,25.44
327,6.751,2928000.0,0.1597,3.723,0.0,106.1,184.1,644.4,1000.0,795.9,222.7,89.34,48.46,59.03,25.44
328,1.057,307600000.0,0.05763,7.238,0.0,106.1,184.1,644.4,1000.0,795.9,222.7,89.34,48.46,59.03,25.44
329,19.6,420900000.0,0.4502,18.32,0.0,106.1,184.1,644.4,1000.0,795.9,222.7,89.34,48.46,59.03,25.44
330,37.43,309800000.0,0.3901,16.64,0.0,125.4,124.6,695.7,1000.0,621.6,255.3,64.8,59.21,42.55,24.96
331,3.377,143500000.0,0.06528,6.072,0.0,125.4,124.6,695.7,1000.0,621.6,255.3,64.8,59.21,42.55,24.96
332,21.19,466100000.0,0.3273,8.24,0.0,125.4,124.6,695.7,1000.0,621.6,255.3,64.8,59.21,42.55,24.96
333,5.95,262300000.0,0.2258,13.08,0.0,125.4,124.6,695.7,1000.0,621.6,255.3,64.8,59.21,42.55,24.96
334,27.01,415500000.0,0.12,4.548,0.0,125.4,124.6,695.7,1000.0,621.6,255.3,64.8,59.21,42.55,24.96
335,17.44,89380000.0,0.1673,-2.345,0.0,125.4,124.6,695.7,1000.0,621.6,255.3,64.8,59.21,42.55,24.96
336,30.42,395600000.0,0.4896,1.227,0.0,125.4,124.6,695.7,1000.0,621.6,255.3,64.8,59.21,42.55,24.96
337,14.49,221900000.0,0.43,12.78,0.0,125.4,124.6,695.7,1000.0,621.6,255.3,64.8,59.21,42.55,24.96
338,34.84,199800000.0,0.2868,0.1801,0.0,125.4,124.6,695.7,1000.0,621.6,255.3,64.8,59.21,42.55,24.96
339,8.346,11290000.0,0.2734,19.39,0.0,125.4,124.6,695.7,1000.0,621.6,255.3,64.8,59.21,42.55,24.96
340,33.89,186800000.0,0.2317,19.68,0.0,185.7,108.8,625.5,1000.0,810.2,237.7,63.54,57.25,53.96,25.23
341,24.83,15100000.0,0.4731,11.82,0.0,185.7,108.8,625.5,1000.0,810.2,237.7,63.54,57.25,53.96,25.23
342,13.02,138700000.0,0.3881,1.252,0.0,185.7,108.8,625.5,1000.0,810.2,237.7,63.54,57.25,53.96,25.23
343,22.51,394600000.0,0.3343,5.543,0.0,185.7,108.8,625.5,1000.0,810.2,237.7,63.54,57.25,53.96,25.23
344,39.56,288200000.0,0.2299,8.325,0.0,185.7,108.8,625.5,1000.0,810.2,237.7,63.54,57.25,53.96,25.23
345,11.25,206800000.0,0.1515,6.602,0.0,185.7,108.8,625.5,1000.0,810.2,237.7,63.54,57.25,53.96,25.23
346,16.71,69190000.0,0.4297,-1.704,0.0,185.7,108.8,625.5,1000.0,810.2,237.7,63.54,57.25,53.96,25.23
347,4.712,492100000.0,0.3025,17.06,0.0,185.7,108.8,625.5,1000.0,810.2,237.7,63.54,57.25,53.96,25.23
348,30.03,442700000.0,0.1397,12.82,0.0,185.7,108.8,625.5,1000.0,810.2,237.7,63.54,57.25,53.96,25.23
349,0.7738,315800000.0,0.07838,-0.8596,0.0,185.7,108.8,625.5,1000.0,810.2,237.7,63.54,57.25,53.96,25.23
350,38.16,316900000.0,0.09417,7.147,0.0,159.8,187.7,637.8,1000.0,648.7,215.7,70.29,45.35,58.1,32.59
351,21.07,8656000.0,0.3433,11.07,0.0,159.8,187.7,637.8,1000.0,648.7,215.7,70.29,45.35,58.1,32.59
352,30.21,429700000.0,0.1912,15.53,0.0,159.8,187.7,637.8,1000.0,648.7,215.7,70.29,45.35,58.1,32.59
353,6.636,193800000.0,0.4472,-3.957,0.0,159.8,187.7,637.8,1000.0,648.7,215.7,70.29,45.35,58.1,32.59
354,3.483,100400000.0,0.4948,-0.8308,0.0,159.8,187.7,637.8,1000.0,648.7,215.7,70.29,45.35,58.1,32.59
355,16.81,356300000.0,0.1653,5.127,0.0,159.8,187.7,637.8,1000.0,648.7,215.7,70.29,45.35,58.1,32.59
356,13.78,250100000.0,0.3933,3.133,0.0,159.8,187.7,637.8,1000.0,648.7,215.7,70.29,45.35,58.1,32.59
357,9.561,476200000.0,0.2529,15.1,0.0,159.8,187.7,637.8,1000.0,648.7,215.7,70.29,45.35,58.1,32.59
358,33.87,125400000.0,0.1216,10.39,0.0,159.8,187.7,637.8,1000.0,648.7,215.7,70.29,45.35,58.1,32.59
359,25.41,282500000.0,0.3083,19.85,0.0,159.8,187.7,637.8,1000.0,648.7,215.7,70.29,45.35,58.1,32.59
360,19.77,282800000.0,0.1441,19.86,0.0,105.0,160.5,467.1,1000.0,583.0,252.2,60.22,47.69,59.34,38.69
361,35.1,496700000.0,0.2272,4.358,0.0,105.0,160.5,467.1,1000.0,583.0,252.2,60.22,47.69,59.34,38.69
362,1.166,109200000.0,0.05152,13.59,0.0,105.0,160.5,467.1,1000.0,583.0,252.2,60.22,47.69,59.34,38.69
363,11.88,301800000.0,0.4559,16.95,0.0,105.0,160.5,467.1,1000.0,583.0,252.2,60.22,47.69,59.34,38.69
364,29.49,218600000.0,0.1199,9.939,0.0,105.0,160.5,467.1,1000.0,583.0,252.2,60.22,47.69,59.34,38.69
365,25.5,199200000.0,0.3298,-2.661,0.0,105.0,160.5,467.1,1000.0,583.0,252.2,60.22,47.69,59.34,38.69
366,5.275,47990000.0,0.3831,6.115,0.0,105.0,160.5,467.1,1000.0,583.0,252.2,60.22,47.69,59.34,38.69
367,38.51,368500000.0,0.3094,10.82,0.0,105.0,160.5,467.1,1000.0,583.0,252.2,60.22,47.69,59.34,38.69
368,12.98,430000000.0,0.2561,0.4547,0.0,105.0,160.5,467.1,1000.0,583.0,252.2,60.22,47.69,59.34,38.69
369,21.82,87110000.0,0.4267,1.326,0.0,105.0,160.5,467.1,1000.0,583.0,252.2,60.22,47.69,59.34,38.69
370,39.42,331200000.0,0.1263,7.399,0.0,117.4,107.5,691.5,1000.0,675.4,279.2,85.01,57.97,46.92,36.76
371,0.8297,172100000.0,0.1609,12.27,0.0,117.4,107.5,691.5,1000.0,675.4,279.2,85.01,57.97,46.92,36.76
372,4.089,63220000.0,0.2124,15.38,0.0,117.4,107.5,691.5,1000.0,675.4,279.2,85.01,57.97,46.92,36.76
373,34.26,241900000.0,0.08759,1.461,0.0,117.4,107.5,691.5,1000.0,675.4,279.2,85.01,57.97,46.92,36.76
374,20.53,461000000.0,0.2439,19.68,0.0,117.4,107.5,691.5,1000.0,675.4,279.2,85.01,57.97,46.92,36.76
375,8.716,125400000.0,0.331,0.281,0.0,117.4,107.5,691.5,1000.0,675.4,279.2,85.01,57.97,46.92,36.76
376,19.56,295200000.0,0.2904,3.74,0.0,117.4,107.5,691.5,1000.0,675.4,279.2,85.01,57.97,46.92,36.76
377,25.23,11230000.0,0.4213,8.549,0.0,117.4,107.5,691.5,1000.0,675.4,279.2,85.01,57.97,46.92,36.76
378,13.29,364700000.0,0.3721,15.0,0.0,117.4,107.5,691.5,1000.0,675.4,279.2,85.01,57.97,46.92,36.76
379,29.82,420500000.0,0.4553,-3.164,0.0,117.4,107.5,691.5,1000.0,675.4,279.2,85.01,57.97,46.92,36.76
380,20.61,245400000.0,0.3012,9.965,0.0,134.2,173.1,592.9,1000.0,650.9,207.2,80.04,44.16,42.05,27.21
381,10.79,79290000.0,0.4228,11.5,0.0,134.2,173.1,592.9,1000.0,650.9,207.2,80.04,44.16,42.05,27.21
382,16.91,455300000.0,0.1306,15.86,0.0,134.2,173.1,592.9,1000.0,650.9,207.2,80.04,44.16,42.05,27.21
383,6.006,149700000.0,0.05591,18.58,0.0,134.2,173.1,592.9,1000.0,650.9,207.2,80.04,44.16,42.05,27.21
384,13.47,322500000.0,0.4886,1.211,0.0,134.2,173.1,592.9,1000.0,650.9,207.2,80.04,44.16,42.05,27.21
385,31.86,180100000.0,0.2536,7.811,0.0,134.2,173.1,592.9,1000.0,650.9,207.2,80.04,44.16,42.05,27.21
386,27.37,10720000.0,0.1895,5.306,0.0,134.2,173.1,592.9,1000.0,650.9,207.2,80.04,44.16,42.05,27.21
387,38.85,352800000.0,0.1652,0.1053,0.0,134.2,173.1,592.9,1000.0,650.9,207.2,80.04,44.16,42.05,27.21
388,35.14,402600000.0,0.3278,13.58,0.0,134.2,173.1,592.9,1000.0,650.9,207.2,80.04,44.16,42.05,27.21
389,0.334,261600000.0,0.3745,-2.888,0.0,134.2,173.1,592.9,1000.0,650.9,207.2,80.04,44.16,42.05,27.21
390,4.314,416800000.0,0.4497,5.02,0.0,111.9,195.9,587.4,1000.0,552.4,260.9,69.65,48.18,57.59,32.36
391,3.982,340800000.0,0.05194,18.81,0.0,111.9,195.9,587.4,1000.0,552.4,260.9,69.65,48.18,57.59,32.36
392,25.19,365700000.0,0.4986,13.03,0.0,111.9,195.9,587.4,1000.0,552.4,260.9,69.65,48.18,57.59,32.36
393,32.54,11100000.0,0.3787,-3.307,0.0,111.9,195.9,587.4,1000.0,552.4,260.9,69.65,48.18,57.59,32.36
394,29.12,190500000.0,0.2854,9.382,0.0,111.9,195.9,587.4,1000.0,552.4,260.9,69.65,48.18,57.59,32.36
395,17.17,464100000.0,0.3404,2.434,0.0,111.9,195.9,587.4,1000.0,552.4,260.9,69.65,48.18,57.59,32.36
396,38.16,132200000.0,0.2379,7.479,0.0,111.9,195.9,587.4,1000.0,552.4,260.9,69.65,48.18,57.59,32.36
397,23.04,227800000.0,0.197,11.88,0.0,111.9,195.9,587.4,1000.0,552.4,260.9,69.65,48.18,57.59,32.36
398,10.81,264400000.0,0.1737,16.96,0.0,111.9,195.9,587.4,1000.0,552.4,260.9,69.65,48.18,57.59,32.36
399,12.28,65180000.0,0.1027,-0.04596,0.0,111.9,195.9,587.4,1000.0,552.4,260.9,69.65,48.18,57.59,32.36
400,19.01,128100000.0,0.1814,-2.683,0.0,160.6,147.4,340.3,1000.0,800.4,230.0,88.58,56.42,50.29,24.19
401,37.47,300200000.0,0.07108,17.26,0.0,160.6,147.4,340.3,1000.0,800.4,230.0,88.58,56.42,50.29,24.19
402,1.817,327500000.0,0.4949,8.594,0.0,160.6,147.4,340.3,1000.0,800.4,230.0,88.58,56.42,50.29,24.19
403,22.24,210800000.0,0.2093,1.145,0.0,160.6,147.4,340.3,1000.0,800.4,230.0,88.58,56.42,50.29,24.19
404,32.69,49700000.0,0.1374,13.38,0.0,160.6,147.4,340.3,1000.0,800.4,230.0,88.58,56.42,50.29,24.19
405,15.12,438500000.0,0.4178,5.993,0.0,160.6,147.4,340.3,1000.0,800.4,230.0,88.58,56.42,50.29,24.19
406,11.04,154700000.0,0.3095,18.77,0.0,160.6,147.4,340.3,1000.0,800.4,230.0,88.58,56.42,50.29,24.19
407,4.38,356300000.0,0.389,0.2278,0.0,160.6,147.4,340.3,1000.0,800.4,230.0,88.58,56.42,50.29,24.19
408,31.87,97430000.0,0.2446,5.114,0.0,160.6,147.4,340.3,1000.0,800.4,230.0,88.58,56.42,50.29,24.19
409,26.77,499900000.0,0.3595,11.09,0.0,160.6,147.4,340.3,1000.0,800.4,230.0,88.58,56.42,50.29,24.19
410,36.64,358400000.0,0.2258,5.709,0.0,131.5,186.0,317.3,1000.0,845.9,254.2,71.21,47.92,40.71,33.38
411,34.66,328000000.0,0.3421,12.05,0.0,131.5,186.0,317.3,1000.0,845.9,254.2,71.21,47.92,40.71,33.38
412,26.14,24270000.0,0.3033,19.72,0.0,131.5,186.0,317.3,1000.0,845.9,254.2,71.21,47.92,40.71,33.38
413,4.138,60930000.0,0.3709,13.64,0.0,131.5,186.0,317.3,1000.0,845.9,254.2,71.21,47.92,40.71,33.38
414,29.52,472800000.0,0.1385,9.221,0.0,131.5,186.0,317.3,1000.0,845.9,254.2,71.21,47.92,40.71,33.38
415,22.05,122800000.0,0.4345,1.271,0.0,131.5,186.0,317.3,1000.0,845.9,254.2,71.21,47.92,40.71,33.38
416,0.8332,258800000.0,0.1783,-2.847,0.0,131.5,186.0,317.3,1000.0,845.9,254.2,71.21,47.92,40.71,33.38
417,8.78,402300000.0,0.06673,3.397,0.0,131.5,186.0,317.3,1000.0,845.9,254.2,71.21,47.92,40.71,33.38
418,19.07,228700000.0,0.2641,16.19,0.0,131.5,186.0,317.3,1000.0,845.9,254.2,71.21,47.92,40.71,33.38
419,14.65,172700000.0,0.4944,-1.076,0.0,131.5,186.0,317.3,1000.0,845.9,254.2,71.21,47.92,40.71,33.38
420,27.04,452500000.0,0.3626,0.2868,0.0,147.2,138.4,647.8,1000.0,811.2,238.4,88.05,46.72,40.1,31.21
421,36.07,30910000.0,0.4241,-2.938,0.0,147.2,138.4,647.8,1000.0,811.2,238.4,88.05,46.72,40.1,31.21
422,2.994,361000000.0,0.09337,12.4,0.0,147.2,138.4,647.8,1000.0,811.2,238.4,88.05,46.72,40.1,31.21
423,5.748,295300000.0,0.169,13.17,0.0,147.2,138.4,647.8,1000.0,811.2,238.4,88.05,46.72,40.1,31.21
424,19.51,62210000.0,0.1926,16.59,0.0,147.2,138.4,647.8,1000.0,811.2,238.4,88.05,46.72,40.1,31.21
425,33.14,200900000.0,0.2765,17.66,0.0,147.2,138.4,647.8,1000.0,811.2,238.4,88.05,46.72,40.1,31.21
426,30.69,434100000.0,0.3942,2.134,0.0,147.2,138.4,647.8,1000.0,811.2,238.4,88.05,46.72,40.1,31.21
427,22.61,142200000.0,0.2608,3.617,0.0,147.2,138.4,647.8,1000.0,811.2,238.4,88.05,46.72,40.1,31.21
428,12.0,157100000.0,0.4597,9.017,0.0,147.2,138.4,647.8,1000.0,811.2,238.4,88.05,46.72,40.1,31.21
429,10.88,339200000.0,0.1017,6.423,0.0,147.2,138.4,647.8,1000.0,811.2,238.4,88.05,46.72,40.1,31.21
430,28.5,143600000.0,0.2797,8.441,0.0,177.1,122.8,618.6,1000.0,738.7,214.8,84.7,49.48,55.96,39.26
431,35.49,325500000.0,0.07378,18.52,0.0,177.1,122.8,618.6,1000.0,738.7,214.8,84.7,49.48,55.96,39.26
432,19.37,479300000.0,0.1942,-0.7076,0.0,177.1,122.8,618.6,1000.0,738.7,214.8,84.7,49.48,55.96,39.26
433,27.43,413200000.0,0.13,-1.613,0.0,177.1,122.8,618.6,1000.0,738.7,214.8,84.7,49.48,55.96,39.26
434,12.27,66340000.0,0.3679,3.94,0.0,177.1,122.8,618.6,1000.0,738.7,214.8,84.7,49.48,55.96,39.26
435,22.94,365100000.0,0.2661,12.97,0.0,177.1,122.8,618.6,1000.0,738.7,214.8,84.7,49.48,55.96,39.26
436,9.572,196400000.0,0.3466,16.34,0.0,177.1,122.8,618.6,1000.0,738.7,214.8,84.7,49.48,55.96,39.26
437,37.53,23510000.0,0.4892,6.554,0.0,177.1,122.8,618.6,1000.0,738.7,214.8,84.7,49.48,55.96,39.26
438,2.825,245500000.0,0.4341,2.847,0.0,177.1,122.8,618.6,1000.0,738.7,214.8,84.7,49.48,55.96,39.26
439,6.145,281200000.0,0.1657,11.78,0.0,177.1,122.8,618.6,1000.0,738.7,214.8,84.7,49.48,55.96,39.26
440,30.06,197100000.0,0.05916,0.8527,0.0,101.9,141.8,304.2,1000.0,820.0,220.5,84.28,51.12,49.74,24.11
441,21.65,289800000.0,0.4881,5.034,0.0,101.9,141.8,304.2,1000.0,820.0,220.5,84.28,51.12,49.74,24.11
442,6.521,463800000.0,0.1775,19.8,0.0,101.9,141.8,304.2,1000.0,820.0,220.5,84.28,51.12,49.74,24.11
443,24.66,303500000.0,0.2247,10.95,0.0,101.9,141.8,304.2,1000.0,820.0,220.5,84.28,51.12,49.74,24.11
444,17.92,369600000.0,0.3411,8.102,0.0,101.9,141.8,304.2,1000.0,820.0,220.5,84.28,51.12,49.74,24.11
445,37.07,85290000.0,0.1009,16.83,0.0,101.9,141.8,304.2,1000.0,820.0,220.5,84.28,51.12,49.74,24.11
446,12.11,219800000.0,0.4083,13.57,0.0,101.9,141.8,304.2,1000.0,820.0,220.5,84.28,51.12,49.74,24.11
447,10.99,413400000.0,0.4164,-1.105,0.0,101.9,141.8,304.2,1000.0,820.0,220.5,84.28,51.12,49.74,24.11
448,32.92,123000000.0,0.2546,5.756,0.0,101.9,141.8,304.2,1000.0,820.0,220.5,84.28,51.12,49.74,24.11
449,3.128,42540000.0,0.3062,-1.94,0.0,101.9,141.8,304.2,1000.0,820.0,220.5,84.28,51.12,49.74,24.11
450,17.51,476000000.0,0.4225,10.98,0.0,110.3,152.9,399.0,1000.0,609.8,183.8,82.81,41.73,47.13,29.36
451,13.81,84510000.0,0.212,-1.623,0.0,110.3,152.9,399.0,1000.0,609.8,183.8,82.81,41.73,47.13,29.36
452,25.84,408200000.0,0.4761,6.941,0.0,110.3,152.9,399.0,1000.0,609.8,183.8,82.81,41.73,47.13,29.36
453,38.35,295100000.0,0.09258,3.056,0.0,110.3,152.9,399.0,1000.0,609.8,183.8,82.81,41.73,47.13,29.36
454,34.7,15320000.0,0.0953,-0.5324,0.0,110.3,152.9,399.0,1000.0,609.8,183.8,82.81,41.73,47.13,29.36
455,20.05,207300000.0,0.1746,5.465,0.0,110.3,152.9,399.0,1000.0,609.8,183.8,82.81,41.73,47.13,29.36
456,3.338,374600000.0,0.2967,8.029,0.0,110.3,152.9,399.0,1000.0,609.8,183.8,82.81,41.73,47.13,29.36
457,6.479,344600000.0,0.2382,14.48,0.0,110.3,152.9,399.0,1000.0,609.8,183.8,82.81,41.73,47.13,29.36
458,29.11,135400000.0,0.3513,19.31,0.0,110.3,152.9,399.0,1000.0,609.8,183.8,82.81,41.73,47.13,29.36
459,10.83,164400000.0,0.3661,15.94,0.0,110.3,152.9,399.0,1000.0,609.8,183.8,82.81,41.73,47.13,29.36
460,16.49,104300000.0,0.08147,-3.057,0.0,191.4,198.5,501.2,1000.0,634.7,185.4,85.38,52.57,54.37,31.79
461,24.88,171400000.0,0.4864,13.28,0.0,191.4,198.5,501.2,1000.0,634.7,185.4,85.38,52.57,54.37,31.79
462,6.004,421300000.0,0.4087,5.504,0.0,191.4,198.5,501.2,1000.0,634.7,185.4,85.38,52.57,54.37,31.79
463,21.03,35260000.0,0.1971,5.675,0.0,191.4,198.5,501.2,1000.0,634.7,185.4,85.38,52.57,54.37,31.79
464,9.76,337700000.0,0.4453,16.78,0.0,191.4,198.5,501.2,1000.0,634.7,185.4,85.38,52.57,54.37,31.79
465,39.41,216800000.0,0.09841,-0.503,0.0,191.4,198.5,501.2,1000.0,634.7,185.4,85.38,52.57,54.37,31.79
466,13.8,275300000.0,0.3533,10.65,0.0,191.4,198.5,501.2,1000.0,634.7,185.4,85.38,52.57,54.37,31.79
467,35.56,353300000.0,0.1757,18.05,0.0,191.4,198.5,501.2,1000.0,634.7,185.4,85.38,52.57,54.37,31.79
468,31.69,60960000.0,0.2878,8.473,0.0,191.4,198.5,501.2,1000.0,634.7,185.4,85.38,52.57,54.37,31.79
469,3.894,470900000.0,0.2436,2.603,0.0,191.4,198.5,501.2,1000.0,634.7,185.4,85.38,52.57,54.37,31.79
470,27.28,101600000.0,0.1293,6.981,0.0,172.1,82.52,390.1,1000.0,707.7,231.6,62.33,40.22,58.92,26.52
471,39.09,74600000.0,0.2349,4.814,0.0,172.1,82.52,390.1,1000.0,707.7,231.6,62.33,40.22,58.92,26.52
472,34.09,24490000.0,0.4943,13.02,0.0,172.1,82.52,390.1,1000.0,707.7,231.6,62.33,40.22,58.92,26.52
473,0.2016,170800000.0,0.3365,17.9,0.0,172.1,82.52,390.1,1000.0,707.7,231.6,62.33,40.22,58.92,26.52
474,5.906,483000000.0,0.1721,-1.412,0.0,172.1,82.52,390.1,1000.0,707.7,231.6,62.33,40.22,58.92,26.52
475,30.86,316700000.0,0.4258,17.18,0.0,172.1,82.52,390.1,1000.0,707.7,231.6,62.33,40.22,58.92,26.52
476,22.31,395700000.0,0.05412,9.752,0.0,172.1,82.52,390.1,1000.0,707.7,231.6,62.33,40.22,58.92,26.52
477,18.05,273700000.0,0.39,2.568,0.0,172.1,82.52,390.1,1000.0,707.7,231.6,62.33,40.22,58.92,26.52
478,11.38,231900000.0,0.3142,-3.634,0.0,172.1,82.52,390.1,1000.0,707.7,231.6,62.33,40.22,58.92,26.52
479,14.49,402900000.0,0.2266,11.75,0.0,172.1,82.52,390.1,1000.0,707.7,231.6,62.33,40.22,58.92,26.52
480,15.99,402900000.0,0.1094,-2.58,0.0,126.2,71.3,658.4,1000.0,825.5,235.0,80.22,47.55,46.7,24.6
481,0.6003,74670000.0,0.2511,3.425,0.0,126.2,71.3,658.4,1000.0,825.5,235.0,80.22,47.55,46.7,24.6
482,36.54,261300000.0,0.4399,18.63,0.0,126.2,71.3,658.4,1000.0,825.5,235.0,80.22,47.55,46.7,24.6
483,32.67,490000000.0,0.2964,7.576,0.0,126.2,71.3,658.4,1000.0,825.5,235.0,80.22,47.55,46.7,24.6
484,28.4,43150000.0,0.3742,11.68,0.0,126.2,71.3,658.4,1000.0,825.5,235.0,80.22,47.55,46.7,24.6
485,25.72,304700000.0,0.3324,1.07,0.0,126.2,71.3,658.4,1000.0,825.5,235.0,80.22,47.55,46.7,24.6
486,8.444,202100000.0,0.2196,-0.4841,0.0,126.2,71.3,658.4,1000.0,825.5,235.0,80.22,47.55,46.7,24.6
487,22.44,362500000.0,0.4681,8.118,0.0,126.2,71.3,658.4,1000.0,825.5,235.0,80.22,47.55,46.7,24.6
488,5.948,132200000.0,0.175,16.3,0.0,126.2,71.3,658.4,1000.0,825.5,235.0,80.22,47.55,46.7,24.6
489,16.45,172700000.0,0.07476,13.81,0.0,126.2,71.3,658.4,1000.0,825.5,235.0,80.22,47.55,46.7,24.6
490,29.97,175500000.0,0.1173,-2.128,0.0,170.4,95.95,237.1,1000.0,622.7,204.5,83.57,43.48,53.11,29.03
491,1.296,134000000.0,0.06535,5.021,0.0,170.4,95.95,237.1,1000.0,622.7,204.5,83.57,43.48,53.11,29.03
492,9.505,272600000.0,0.2694,-1.458,0.0,170.4,95.95,237.1,1000.0,622.7,204.5,83.57,43.48,53.11,29.03
493,26.03,393400000.0,0.3982,11.2,0.0,170.4,95.95,237.1,1000.0,622.7,204.5,83.57,43.48,53.11,29.03
494,17.92,427300000.0,0.3148,19.64,0.0,170.4,95.95,237.1,1000.0,622.7,204.5,83.57,43.48,53.11,29.03
495,39.41,345100000.0,0.3524,9.971,0.0,170.4,95.95,237.1,1000.0,622.7,204.5,83.57,43.48,53.11,29.03
496,33.88,477600000.0,0.4924,1.395,0.0,170.4,95.95,237.1,1000.0,622.7,204.5,83.57,43.48,53.11,29.03
497,23.96,204000000.0,0.4324,17.37,0.0,170.4,95.95,237.1,1000.0,622.7,204.5,83.57,43.48,53.11,29.03
498,14.08,16770000.0,0.2181,6.059,0.0,170.4,95.95,237.1,1000.0,622.7,204.5,83.57,43.48,53.11,29.03
499,6.295,90980000.0,0.146,14.33,0.0,170.4,95.95,237.1,1000.0,622.7,204.5,83.57,43.48,53.11,29.03
500,33.05,477200000.0,0.3105,8.899,0.0,156.9,149.7,431.9,1000.0,723.8,266.6,66.02,51.28,53.61,36.09
501,13.79,306300000.0,0.2076,-1.737,0.0,156.9,149.7,431.9,1000.0,723.8,266.6,66.02,51.28,53.61,36.09
502,18.76,442600000.0,0.3712,18.63,0.0,156.9,149.7,431.9,1000.0,723.8,266.6,66.02,51.28,53.61,36.09
503,31.69,73900000.0,0.2488,4.384,0.0,156.9,149.7,431.9,1000.0,723.8,266.6,66.02,51.28,53.61,36.09
504,20.45,123400000.0,0.1252,12.73,0.0,156.9,149.7,431.9,1000.0,723.8,266.6,66.02,51.28,53.61,36.09
505,9.985,39440000.0,0.4924,-1.197,0.0,156.9,149.7,431.9,1000.0,723.8,266.6,66.02,51.28,53.61,36.09
506,5.624,224900000.0,0.4205,12.83,0.0,156.9,149.7,431.9,1000.0,723.8,266.6,66.02,51.28,53.61,36.09
507,39.36,298700000.0,0.07126,6.266,0.0,156.9,149.7,431.9,1000.0,723.8,266.6,66.02,51.28,53.61,36.09
508,26.15,373400000.0,0.1502,2.115,0.0,156.9,149.7,431.9,1000.0,723.8,266.6,66.02,51.28,53.61,36.09
509,2.452,191500000.0,0.3475,15.75,0.0,156.9,149.7,431.9,1000.0,723.8,266.6,66.02,51.28,53.61,36.09
510,11.3,264600000.0,0.3685,8.322,0.0,154.8,176.2,496.5,1000.0,717.2,210.8,68.17,45.05,49.47,30.64
511,26.73,495000000.0,0.2451,-2.274,0.0,154.8,176.2,496.5,1000.0,717.2,210.8,68.17,45.05,49.47,30.64
512,1.674,389400000.0,0.1884,18.22,0.0,154.8,176.2,496.5,1000.0,717.2,210.8,68.17,45.05,49.47,30.64
513,34.47,321300000.0,0.08283,-0.5222,0.0,154.8,176.2,496.5,1000.0,717.2,210.8,68.17,45.05,49.47,30.64
514,16.16,419900000.0,0.2894,2.461,0.0,154.8,176.2,496.5,1000.0,717.2,210.8,68.17,45.05,49.47,30.64
515,4.685,194000000.0,0.3255,17.36,0.0,154.8,176.2,496.5,1000.0,717.2,210.8,68.17,45.05,49.47,30.64
516,14.77,135200000.0,0.422,3.629,0.0,154.8,176.2,496.5,1000.0,717.2,210.8,68.17,45.05,49.47,30.64
517,29.31,14640000.0,0.4687,7.308,0.0,154.8,176.2,496.5,1000.0,717.2,210.8,68.17,45.05,49.47,30.64
518,20.32,74570000.0,0.1493,12.5,0.0,154.8,176.2,496.5,1000.0,717.2,210.8,68.17,45.05,49.47,30.64
519,36.46,229400000.0,0.1234,13.7,0.0,154.8,176.2,496.5,1000.0,717.2,210.8,68.17,45.05,49.47,30.64
520,36.05,206400000.0,0.4161,6.259,0.0,119.4,136.4,563.8,1000.0,699.1,209.4,63.8,45.9,52.9,39.1
521,27.41,169700000.0,0.4914,5.568,0.0,119.4,136.4,563.8,1000.0,699.1,209.4,63.8,45.9,52.9,39.1
522,12.68,284400000.0,0.4023,-3.651,0.0,119.4,136.4,563.8,1000.0,699.1,209.4,63.8,45.9,52.9,39.1
523,9.767,388100000.0,0.2197,13.19,0.0,119.4,136.4,563.8,1000.0,699.1,209.4,63.8,45.9,52.9,39.1
524,32.05,308700000.0,0.1461,1.848,0.0,119.4,136.4,563.8,1000.0,699.1,209.4,63.8,45.9,52.9,39.1
525,31.23,35800000.0,0.06967,0.007148,0.0,119.4,136.4,563.8,1000.0,699.1,209.4,63.8,45.9,52.9,39.1
526,18.8,141000000.0,0.2627,16.57,0.0,119.4,136.4,563.8,1000.0,699.1,209.4,63.8,45.9,52.9,39.1
527,3.677,497400000.0,0.3244,9.363,0.0,119.4,136.4,563.8,1000.0,699.1,209.4,63.8,45.9,52.9,39.1
528,20.66,96600000.0,0.1062,18.03,0.0,119.4,136.4,563.8,1000.0,699.1,209.4,63.8,45.9,52.9,39.1
529,5.257,440800000.0,0.3022,11.12,0.0,119.4,136.4,563.8,1000.0,699.1,209.4,63.8,45.9,52.9,39.1
530,35.78,52630000.0,0.2133,3.429,0.0,123.9,175.3,346.3,1000.0,734.3,189.7,67.18,54.39,44.89,26.73
531,13.35,405300000.0,0.3812,1.375,0.0,123.9,175.3,346.3,1000.0,734.3,189.7,67.18,54.39,44.89,26.73
532,7.293,111600000.0,0.3118,6.887,0.0,123.9,175.3,346.3,1000.0,734.3,189.7,67.18,54.39,44.89,26.73
533,26.6,383500000.0,0.4386,14.64,0.0,123.9,175.3,346.3,1000.0,734.3,189.7,67.18,54.39,44.89,26.73
534,23.91,34560000.0,0.2599,-2.22,0.0,123.9,175.3,346.3,1000.0,734.3,189.7,67.18,54.39,44.89,26.73
535,11.8,194700000.0,0.364,0.2676,0.0,123.9,175.3,346.3,1000.0,734.3,189.7,67.18,54.39,44.89,26.73
536,37.04,324100000.0,0.1187,15.95,0.0,123.9,175.3,346.3,1000.0,734.3,189.7,67.18,54.39,44.89,26.73
537,1.433,212000000.0,0.06649,17.99,0.0,123.9,175.3,346.3,1000.0,734.3,189.7,67.18,54.39,44.89,26.73
538,28.26,496300000.0,0.4757,11.18,0.0,123.9,175.3,346.3,1000.0,734.3,189.7,67.18,54.39,44.89,26.73
539,19.29,265500000.0,0.1421,8.041,0.0,123.9,175.3,346.3,1000.0,734.3,189.7,67.18,54.39,44.89,26.73
540,18.46,134700000.0,0.4074,8.031,0.0,142.3,81.47,366.0,1000.0,573.7,259.8,78.52,41.27,51.12,31.62
541,12.43,97120000.0,0.446,4.927,0.0,142.3,81.47,366.0,1000.0,573.7,259.8,78.52,41.27,51.12,31.62
542,39.57,440900000.0,0.05717,12.63,0.0,142.3,81.47,366.0,1000.0,573.7,259.8,78.52,41.27,51.12,31.62
543,33.89,487500000.0,0.1999,2.741,0.0,142.3,81.47,366.0,1000.0,573.7,259.8,78.52,41.27,51.12,31.62
544,22.55,284500000.0,0.2758,-3.823,0.0,142.3,81.47,366.0,1000.0,573.7,259.8,78.52,41.27,51.12,31.62
545,30.18,392100000.0,0.1108,-1.189,0.0,142.3,81.47,366.0,1000.0,573.7,259.8,78.52,41.27,51.12,31.62
546,26.82,332400000.0,0.3524,16.99,0.0,142.3,81.47,366.0,1000.0,573.7,259.8,78.52,41.27,51.12,31.62
547,9.787,34980000.0,0.4942,6.95,0.0,142.3,81.47,366.0,1000.0,573.7,259.8,78.52,41.27,51.12,31.62
548,6.273,168900000.0,0.2498,19.25,0.0,142.3,81.47,366.0,1000.0,573.7,259.8,78.52,41.27,51.12,31.62
549,0.3914,237500000.0,0.1589,12.93,0.0,142.3,81.47,366.0,1000.0,573.7,259.8,78.52,41.27,51.12,31.62
550,35.0,370300000.0,0.439,3.615,0.0,141.8,127.9,559.7,1000.0,641.4,205.5,65.42,41.92,41.71,39.78
551,11.38,216500000.0,0.1572,14.67,0.0,141.8,127.9,559.7,1000.0,641.4,205.5,65.42,41.92,41.71,39.78
552,22.03,269300000.0,0.4594,-2.236,0.0,141.8,127.9,559.7,1000.0,641.4,205.5,65.42,41.92,41.71,39.78
553,30.31,476400000.0,0.3351,-1.461,0.0,141.8,127.9,559.7,1000.0,641.4,205.5,65.42,41.92,41.71,39.78
554,4.876,434500000.0,0.403,8.167,0.0,141.8,127.9,559.7,1000.0,641.4,205.5,65.42,41.92,41.71,39.78
555,14.89,96240000.0,0.263,18.92,0.0,141.8,127.9,559.7,1000.0,641.4,205.5,65.42,41.92,41.71,39.78
556,17.1,172100000.0,0.06124,5.947,0.0,141.8,127.9,559.7,1000.0,641.4,205.5,65.42,41.92,41.71,39.78
557,26.25,110200000.0,0.2963,17.6,0.0,141.8,127.9,559.7,1000.0,641.4,205.5,65.42,41.92,41.71,39.78
558,1.383,26910000.0,0.1313,1.107,0.0,141.8,127.9,559.7,1000.0,641.4,205.5,65.42,41.92,41.71,39.78
559,37.27,315200000.0,0.1895,11.98,0.0,141.8,127.9,559.7,1000.0,641.4,205.5,65.42,41.92,41.71,39.78
560,26.24,66520000.0,0.1241,-3.321,0.0,192.3,150.5,327.1,1000.0,569.6,180.7,88.33,53.82,57.78,28.36
561,14.53,294300000.0,0.4985,11.33,0.0,192.3,150.5,327.1,1000.0,569.6,180.7,88.33,53.82,57.78,28.36
562,17.66,373800000.0,0.159,-0.1828,0.0,192.3,150.5,327.1,1000.0,569.6,180.7,88.33,53.82,57.78,28.36
563,2.411,218600000.0,0.242,3.462,0.0,192.3,150.5,327.1,1000.0,569.6,180.7,88.33,53.82,57.78,28.36
564,28.91,188400000.0,0.3246,2.896,0.0,192.3,150.5,327.1,1000.0,569.6,180.7,88.33,53.82,57.78,28.36
565,11.58,119900000.0,0.2959,18.27,0.0,192.3,150.5,327.1,1000.0,569.6,180.7,88.33,53.82,57.78,28.36
566,38.71,45390000.0,0.4186,9.475,0.0,192.3,150.5,327.1,1000.0,569.6,180.7,88.33,53.82,57.78,28.36
567,23.45,485500000.0,0.081,6.179,0.0,192.3,150.5,327.1,1000.0,569.6,180.7,88.33,53.82,57.78,28.36
568,7.149,334800000.0,0.4042,15.02,0.0,192.3,150.5,327.1,1000.0,569.6,180.7,88.33,53.82,57.78,28.36
569,33.86,421800000.0,0.1876,17.42,0.0,192.3,150.5,327.1,1000.0,569.6,180.7,88.33,53.82,57.78,28.36
570,5.382,411800000.0,0.2637,3.535,0.0,163.2,66.08,201.8,1000.0,719.3,190.7,60.39,53.72,49.99,31.88
571,9.972,7773000.0,0.4376,19.84,0.0,163.2,66.08,201.8,1000.0,719.3,190.7,60.39,53.72,49.99,31.88
572,13.24,169600000.0,0.2161,1.411,0.0,163.2,66.08,201.8,1000.0,719.3,190.7,60.39,53.72,49.99,31.88
573,35.68,390100000.0,0.2831,11.44,0.0,163.2,66.08,201.8,1000.0,719.3,190.7,60.39,53.72,49.99,31.88
574,25.05,219900000.0,0.1587,9.863,0.0,163.2,66.08,201.8,1000.0,719.3,190.7,60.39,53.72,49.99,31.88
575,29.59,65140000.0,0.3648,7.965,0.0,163.2,66.08,201.8,1000.0,719.3,190.7,60.39,53.72,49.99,31.88
576,19.0,104100000.0,0.3814,16.28,0.0,163.2,66.08,201.8,1000.0,719.3,190.7,60.39,53.72,49.99,31.88
577,22.12,332600000.0,0.1287,13.09,0.0,163.2,66.08,201.8,1000.0,719.3,190.7,60.39,53.72,49.99,31.88
578,38.18,485800000.0,0.4559,-1.622,0.0,163.2,66.08,201.8,1000.0,719.3,190.7,60.39,53.72,49.99,31.88
579,2.598,259800000.0,0.08814,-0.6925,0.0,163.2,66.08,201.8,1000.0,719.3,190.7,60.39,53.72,49.99,31.88
580,29.43,418600000.0,0.3103,11.94,0.0,164.4,191.1,307.5,1000.0,780.5,223.7,63.11,40.4,42.61,35.92
581,32.14,305100000.0,0.1181,0.2541,0.0,164.4,191.1,307.5,1000.0,780.5,223.7,63.11,40.4,42.61,35.92
582,22.35,88070000.0,0.2053,4.402,0.0,164.4,191.1,307.5,1000.0,780.5,223.7,63.11,40.4,42.61,35.92
583,37.64,180900000.0,0.4259,7.38,0.0,164.4,191.1,307.5,1000.0,780.5,223.7,63.11,40.4,42.61,35.92
584,4.691,372800000.0,0.3446,17.09,0.0,164.4,191.1,307.5,1000.0,780.5,223.7,63.11,40.4,42.61,35.92
585,13.87,482100000.0,0.1626,3.195,0.0,164.4,191.1,307.5,1000.0,780.5,223.7,63.11,40.4,42.61,35.92
586,18.4,123000000.0,0.2307,8.663,0.0,164.4,191.1,307.5,1000.0,780.5,223.7,63.11,40.4,42.61,35.92
587,27.42,231800000.0,0.3684,19.63,0.0,164.4,191.1,307.5,1000.0,780.5,223.7,63.11,40.4,42.61,35.92
588,1.214,283900000.0,0.06203,-1.611,0.0,164.4,191.1,307.5,1000.0,780.5,223.7,63.11,40.4,42.61,35.92
589,11.0,1209000.0,0.4646,13.81,0.0,164.4,191.1,307.5,1000.0,780.5,223.7,63.11,40.4,42.61,35.92
590,3.334,487600000.0,0.1106,8.614,0.0,108.6,92.63,621.1,1000.0,617.6,225.7,73.28,43.07,44.06,29.84
591,30.03,92030000.0,0.3719,1.93,0.0,108.6,92.63,621.1,1000.0,617.6,225.7,73.28,43.07,44.06,29.84
592,22.33,189600000.0,0.08065,13.52,0.0,108.6,92.63,621.1,1000.0,617.6,225.7,73.28,43.07,44.06,29.84
593,32.97,388100000.0,0.4943,6.032,0.0,108.6,92.63,621.1,1000.0,617.6,225.7,73.28,43.07,44.06,29.84
594,38.44,346100000.0,0.2569,-1.068,0.0,108.6,92.63,621.1,1000.0,617.6,225.7,73.28,43.07,44.06,29.84
595,24.51,144100000.0,0.3586,4.487,0.0,108.6,92.63,621.1,1000.0,617.6,225.7,73.28,43.07,44.06,29.84
596,15.72,409200000.0,0.2119,12.38,0.0,108.6,92.63,621.1,1000.0,617.6,225.7,73.28,43.07,44.06,29.84
597,7.471,41110000.0,0.3168,-1.876,0.0,108.6,92.63,621.1,1000.0,617.6,225.7,73.28,43.07,44.06,29.84
598,8.465,251400000.0,0.4159,19.86,0.0,108.6,92.63,621.1,1000.0,617.6,225.7,73.28,43.07,44.06,29.84
599,19.19,221000000.0,0.1624,15.89,0.0,108.6,92.63,621.1,1000.0,617.6,225.7,73.28,43.07,44.06,29.84
600,18.64,273900000.0,0.3058,4.797,0.0,178.5,199.5,550.4,1000.0,750.0,233.3,65.16,46.03,53.25,28.28
601,8.264,41950000.0,0.2531,13.01,0.0,178.5,199.5,550.4,1000.0,750.0,233.3,65.16,46.03,53.25,28.28
602,23.21,242900000.0,0.3592,9.794,0.0,178.5,199.5,550.4,1000.0,750.0,233.3,65.16,46.03,53.25,28.28
603,24.27,72130000.0,0.2186,15.95,0.0,178.5,199.5,550.4,1000.0,750.0,233.3,65.16,46.03,53.25,28.28
604,34.91,357600000.0,0.3912,11.34,0.0,178.5,199.5,550.4,1000.0,750.0,233.3,65.16,46.03,53.25,28.28
605,7.448,414600000.0,0.4642,7.352,0.0,178.5,199.5,550.4,1000.0,750.0,233.3,65.16,46.03,53.25,28.28
606,2.255,475200000.0,0.1018,-3.536,0.0,178.5,199.5,550.4,1000.0,750.0,233.3,65.16,46.03,53.25,28.28
607,37.57,331000000.0,0.175,20.0,0.0,178.5,199.5,550.4,1000.0,750.0,233.3,65.16,46.03,53.25,28.28
608,12.54,147400000.0,0.09446,1.943,0.0,178.5,199.5,550.4,1000.0,750.0,233.3,65.16,46.03,53.25,28.28
609,29.53,180900000.0,0.4494,0.4409,0.0,178.5,199.5,550.4,1000.0,750.0,233.3,65.16,46.03,53.25,28.28
610,24.32,480800000.0,0.2257,-2.73,0.0,157.1,183.4,358.2,1000.0,689.5,196.5,82.47,57.75,44.4,27.13
611,34.53,233300000.0,0.1563,0.58,0.0,157.1,183.4,358.2,1000.0,689.5,196.5,82.47,57.75,44.4,27.13
612,8.609,425100000.0,0.3167,3.864,0.0,157.1,183.4,358.2,1000.0,689.5,196.5,82.47,57.75,44.4,27.13
613,4.086,160800000.0,0.3374,19.63,0.0,157.1,183.4,358.2,1000.0,689.5,196.5,82.47,57.75,44.4,27.13
614,18.7,85510000.0,0.1322,6.229,0.0,157.1,183.4,358.2,1000.0,689.5,196.5,82.47,57.75,44.4,27.13
615,22.77,288700000.0,0.4513,2.894,0.0,157.1,183.4,358.2,1000.0,689.5,196.5,82.47,57.75,44.4,27.13
616,31.06,331200000.0,0.2713,8.108,0.0,157.1,183.4,358.2,1000.0,689.5,196.5,82.47,57.75,44.4,27.13
617,12.13,360200000.0,0.3749,16.44,0.0,157.1,183.4,358.2,1000.0,689.5,196.5,82.47,57.75,44.4,27.13
618,37.32,46980000.0,0.4856,10.64,0.0,157.1,183.4,358.2,1000.0,689.5,196.5,82.47,57.75,44.4,27.13
619,1.252,129500000.0,0.07228,13.71,0.0,157.1,183.4,358.2,1000.0,689.5,196.5,82.47,57.75,44.4,27.13
620,10.61,212400000.0,0.09469,8.761,0.0,189.7,87.41,402.3,1000.0,751.8,213.3,82.06,56.96,58.47,39.41
621,2.01,350900000.0,0.1583,3.295,0.0,189.7,87.41,402.3,1000.0,751.8,213.3,82.06,56.96,58.47,39.41
622,31.22,477600000.0,0.3272,12.27,0.0,189.7,87.41,402.3,1000.0,751.8,213.3,82.06,56.96,58.47,39.41
623,26.61,443800000.0,0.4662,-3.001,0.0,189.7,87.41,402.3,1000.0,751.8,213.3,82.06,56.96,58.47,39.41
624,23.31,340900000.0,0.2729,2.121,0.0,189.7,87.41,402.3,1000.0,751.8,213.3,82.06,56.96,58.47,39.41
625,12.28,94070000.0,0.3096,6.379,0.0,189.7,87.41,402.3,1000.0,751.8,213.3,82.06,56.96,58.47,39.41
626,38.45,183300000.0,0.3978,19.72,0.0,189.7,87.41,402.3,1000.0,751.8,213.3,82.06,56.96,58.47,39.41
627,19.11,27010000.0,0.2147,14.68,0.0,189.7,87.41,402.3,1000.0,751.8,213.3,82.06,56.96,58.47,39.41
628,7.141,268800000.0,0.1086,16.72,0.0,189.7,87.41,402.3,1000.0,751.8,213.3,82.06,56.96,58.47,39.41
629,32.66,109400000.0,0.4123,-0.7222,0.0,189.7,87.41,402.3,1000.0,751.8,213.3,82.06,56.96,58.47,39.41
630,4.135,237700000.0,0.4461,12.89,0.0,182.5,135.4,444.8,1000.0,556.0,257.2,67.46,49.36,47.52,27.64
631,34.07,63080000.0,0.06162,4.86,0.0,182.5,135.4,444.8,1000.0,556.0,257.2,67.46,49.36,47.52,27.64
632,29.09,333200000.0,0.134,-2.6,0.0,182.5,135.4,444.8,1000.0,556.0,257.2,67.46,49.36,47.52,27.64
633,19.68,415000000.0,0.3518,1.87,0.0,182.5,135.4,444.8,1000.0,556.0,257.2,67.46,49.36,47.52,27.64
634,14.74,122800000.0,0.2635,17.63,0.0,182.5,135.4,444.8,1000.0,556.0,257.2,67.46,49.36,47.52,27.64
635,22.22,196000000.0,0.3148,8.117,0.0,182.5,135.4,444.8,1000.0,556.0,257.2,67.46,49.36,47.52,27.64
636,9.178,44310000.0,0.3737,10.49,0.0,182.5,135.4,444.8,1000.0,556.0,257.2,67.46,49.36,47.52,27.64
637,27.92,470800000.0,0.468,-1.591,0.0,182.5,135.4,444.8,1000.0,556.0,257.2,67.46,49.36,47.52,27.64
638,39.51,286100000.0,0.1454,7.949,0.0,182.5,135.4,444.8,1000.0,556.0,257.2,67.46,49.36,47.52,27.64
639,2.422,387400000.0,0.1969,16.75,0.0,182.5,135.4,444.8,1000.0,556.0,257.2,67.46,49.36,47.52,27.64
640,4.869,380800000.0,0.2048,17.42,0.0,183.5,88.08,607.9,1000.0,758.9,245.1,74.03,40.0,48.63,25.31
641,10.98,326200000.0,0.4762,6.097,0.0,183.5,88.08,607.9,1000.0,758.9,245.1,74.03,40.0,48.63,25.31
642,16.07,108300000.0,0.2319,2.554,0.0,183.5,88.08,607.9,1000.0,758.9,245.1,74.03,40.0,48.63,25.31
643,23.1,222500000.0,0.409,19.21,0.0,183.5,88.08,607.9,1000.0,758.9,245.1,74.03,40.0,48.63,25.31
644,33.34,279100000.0,0.3499,-1.467,0.0,183.5,88.08,607.9,1000.0,758.9,245.1,74.03,40.0,48.63,25.31
645,15.76,100600000.0,0.2826,-3.903,0.0,183.5,88.08,607.9,1000.0,758.9,245.1,74.03,40.0,48.63,25.31
646,3.136,41300000.0,0.4323,10.36,0.0,183.5,88.08,607.9,1000.0,758.9,245.1,74.03,40.0,48.63,25.31
647,39.08,454900000.0,0.1539,10.59,0.0,183.5,88.08,607.9,1000.0,758.9,245.1,74.03,40.0,48.63,25.31
648,29.62,438300000.0,0.1286,14.27,0.0,183.5,88.08,607.9,1000.0,758.9,245.1,74.03,40.0,48.63,25.31
649,26.47,176300000.0,0.05327,4.681,0.0,183.5,88.08,607.9,1000.0,758.9,245.1,74.03,40.0,48.63,25.31
650,12.52,128700000.0,0.062,15.5,0.0,176.7,144.9,298.0,1000.0,657.5,217.6,76.49,57.15,41.36,26.91
651,21.98,200700000.0,0.1712,4.142,0.0,176.7,144.9,298.0,1000.0,657.5,217.6,76.49,57.15,41.36,26.91
652,25.67,61110000.0,0.2317,-0.5779,0.0,176.7,144.9,298.0,1000.0,657.5,217.6,76.49,57.15,41.36,26.91
653,8.172,192300000.0,0.4415,14.37,0.0,176.7,144.9,298.0,1000.0,657.5,217.6,76.49,57.15,41.36,26.91
654,5.134,331800000.0,0.3224,17.8,0.0,176.7,144.9,298.0,1000.0,657.5,217.6,76.49,57.15,41.36,26.91
655,3.188,20590000.0,0.3984,7.808,0.0,176.7,144.9,298.0,1000.0,657.5,217.6,76.49,57.15,41.36,26.91
656,19.32,432500000.0,0.1176,8.088,0.0,176.7,144.9,298.0,1000.0,657.5,217.6,76.49,57.15,41.36,26.91
657,35.78,381800000.0,0.4966,-3.695,0.0,176.7,144.9,298.0,1000.0,657.5,217.6,76.49,57.15,41.36,26.91
658,36.46,255400000.0,0.1998,2.855,0.0,176.7,144.9,298.0,1000.0,657.5,217.6,76.49,57.15,41.36,26.91
659,31.56,465700000.0,0.2813,11.38,0.0,176.7,144.9,298.0,1000.0,657.5,217.6,76.49,57.15,41.36,26.91
660,35.15,318800000.0,0.2795,19.52,0.0,171.9,62.14,376.3,1000.0,559.1,212.3,82.63,47.24,45.67,30.05
661,15.56,86120000.0,0.2664,1.12,0.0,171.9,62.14,376.3,1000.0,559.1,212.3,82.63,47.24,45.67,30.05
662,10.79,474400000.0,0.4177,-2.92,0.0,171.9,62.14,376.3,1000.0,559.1,212.3,82.63,47.24,45.67,30.05
663,2.301,226400000.0,0.3904,11.91,0.0,171.9,62.14,376.3,1000.0,559.1,212.3,82.63,47.24,45.67,30.05
664,7.492,161500000.0,0.08573,7.525,0.0,171.9,62.14,376.3,1000.0,559.1,212.3,82.63,47.24,45.67,30.05
665,21.31,16580000.0,0.1678,13.41,0.0,171.9,62.14,376.3,1000.0,559.1,212.3,82.63,47.24,45.67,30.05
666,25.97,116600000.0,0.1295,0.5902,0.0,171.9,62.14,376.3,1000.0,559.1,212.3,82.63,47.24,45.67,30.05
667,18.55,256000000.0,0.4959,5.068,0.0,171.9,62.14,376.3,1000.0,559.1,212.3,82.63,47.24,45.67,30.05
668,39.13,371600000.0,0.3314,16.03,0.0,171.9,62.14,376.3,1000.0,559.1,212.3,82.63,47.24,45.67,30.05
669,31.47,420600000.0,0.2097,8.792,0.0,171.9,62.14,376.3,1000.0,559.1,212.3,82.63,47.24,45.67,30.05
670,35.82,128200000.0,0.137,1.585,0.0,127.8,56.99,689.4,1000.0,814.2,247.8,85.88,40.99,48.82,39.55
671,5.663,93200000.0,0.4621,-0.592,0.0,127.8,56.99,689.4,1000.0,814.2,247.8,85.88,40.99,48.82,39.55
672,11.53,194000000.0,0.183,6.635,0.0,127.8,56.99,689.4,1000.0,814.2,247.8,85.88,40.99,48.82,39.55
673,20.56,31520000.0,0.2481,11.15,0.0,127.8,56.99,689.4,1000.0,814.2,247.8,85.88,40.99,48.82,39.55
674,25.04,491000000.0,0.08505,15.21,0.0,127.8,56.99,689.4,1000.0,814.2,247.8,85.88,40.99,48.82,39.55
675,19.94,390400000.0,0.3364,10.14,0.0,127.8,56.99,689.4,1000.0,814.2,247.8,85.88,40.99,48.82,39.55
676,31.55,310400000.0,0.2987,5.524,0.0,127.8,56.99,689.4,1000.0,814.2,247.8,85.88,40.99,48.82,39.55
677,15.63,219400000.0,0.4219,13.74,0.0,127.8,56.99,689.4,1000.0,814.2,247.8,85.88,40.99,48.82,39.55
678,38.08,265500000.0,0.224,-2.095,0.0,127.8,56.99,689.4,1000.0,814.2,247.8,85.88,40.99,48.82,39.55
679,0.7446,431100000.0,0.3703,18.52,0.0,127.8,56.99,689.4,1000.0,814.2,247.8,85.88,40.99,48.82,39.55
680,36.35,485800000.0,0.1691,-2.879,0.0,152.9,57.57,611.3,1000.0,837.9,267.5,78.29,52.32,59.54,38.29
681,23.54,384800000.0,0.3289,3.98,0.0,152.9,57.57,611.3,1000.0,837.9,267.5,78.29,52.32,59.54,38.29
682,24.87,432300000.0,0.1288,18.1,0.0,152.9,57.57,611.3,1000.0,837.9,267.5,78.29,52.32,59.54,38.29
683,31.04,76830000.0,0.1994,12.34,0.0,152.9,57.57,611.3,1000.0,837.9,267.5,78.29,52.32,59.54,38.29
684,35.19,198100000.0,0.2961,17.29,0.0,152.9,57.57,611.3,1000.0,837.9,267.5,78.29,52.32,59.54,38.29
685,10.14,257600000.0,0.4295,9.07,0.0,152.9,57.57,611.3,1000.0,837.9,267.5,78.29,52.32,59.54,38.29
686,1.539,307700000.0,0.2336,2.684,0.0,152.9,57.57,611.3,1000.0,837.9,267.5,78.29,52.32,59.54,38.29
687,15.82,139000000.0,0.08719,14.43,0.0,152.9,57.57,611.3,1000.0,837.9,267.5,78.29,52.32,59.54,38.29
688,6.179,219300000.0,0.4095,-0.4638,0.0,152.9,57.57,611.3,1000.0,837.9,267.5,78.29,52.32,59.54,38.29
689,19.34,36180000.0,0.4658,7.95,0.0,152.9,57.57,611.3,1000.0,837.9,267.5,78.29,52.32,59.54,38.29
690,38.5,56800000.0,0.3965,6.992,0.0,113.4,119.1,580.1,1000.0,615.5,224.1,75.88,55.23,52.43,37.71
691,11.34,113800000.0,0.4732,15.14,0.0,113.4,119.1,580.1,1000.0,615.5,224.1,75.88,55.23,52.43,37.71
692,6.315,450600000.0,0.1782,10.73,0.0,113.4,119.1,580.1,1000.0,615.5,224.1,75.88,55.23,52.43,37.71
693,30.99,246900000.0,0.124,16.85,0.0,113.4,119.1,580.1,1000.0,615.5,224.1,75.88,55.23,52.43,37.71
694,16.8,300200000.0,0.4409,1.175,0.0,113.4,119.1,580.1,1000.0,615.5,224.1,75.88,55.23,52.43,37.71
695,21.39,199700000.0,0.2815,-2.114,0.0,113.4,119.1,580.1,1000.0,615.5,224.1,75.88,55.23,52.43,37.71
696,24.76,324600000.0,0.3456,9.369,0.0,113.4,119.1,580.1,1000.0,615.5,224.1,75.88,55.23,52.43,37.71
697,3.875,34080000.0,0.2713,-0.3763,0.0,113.4,119.1,580.1,1000.0,615.5,224.1,75.88,55.23,52.43,37.71
698,34.67,364400000.0,0.07898,19.28,0.0,113.4,119.1,580.1,1000.0,615.5,224.1,75.88,55.23,52.43,37.71
699,14.5,442900000.0,0.187,5.531,0.0,113.4,119.1,580.1,1000.0,615.5,224.1,75.88,55.23,52.43,37.71
700,24.4,48520000.0,0.1065,-3.662,0.0,184.6,147.6,523.1,1000.0,696.9,228.4,64.14,53.1,43.46,25.09
701,28.27,247300000.0,0.05576,4.448,0.0,184.6,147.6,523.1,1000.0,696.9,228.4,64.14,53.1,43.46,25.09
702,32.69,121100000.0,0.2018,-0.6826,0.0,184.6,147.6,523.1,1000.0,696.9,228.4,64.14,53.1,43.46,25.09
703,17.27,166100000.0,0.4308,2.154,0.0,184.6,147.6,523.1,1000.0,696.9,228.4,64.14,53.1,43.46,25.09
704,3.34,309800000.0,0.4551,12.5,0.0,184.6,147.6,523.1,1000.0,696.9,228.4,64.14,53.1,43.46,25.09
705,14.89,464400000.0,0.1843,6.472,0.0,184.6,147.6,523.1,1000.0,696.9,228.4,64.14,53.1,43.46,25.09
706,23.39,51540000.0,0.2504,19.78,0.0,184.6,147.6,523.1,1000.0,696.9,228.4,64.14,53.1,43.46,25.09
707,8.84,261700000.0,0.3367,8.251,0.0,184.6,147.6,523.1,1000.0,696.9,228.4,64.14,53.1,43.46,25.09
708,4.24,376000000.0,0.2856,16.51,0.0,184.6,147.6,523.1,1000.0,696.9,228.4,64.14,53.1,43.46,25.09
709,38.93,441700000.0,0.3816,13.94,0.0,184.6,147.6,523.1,1000.0,696.9,228.4,64.14,53.1,43.46,25.09
710,28.02,413000000.0,0.3644,1.224,0.0,174.2,116.0,603.5,1000.0,611.4,278.1,67.97,58.46,54.99,34.66
711,22.79,354900000.0,0.1809,6.327,0.0,174.2,116.0,603.5,1000.0,611.4,278.1,67.97,58.46,54.99,34.66
712,19.73,348900000.0,0.2293,11.04,0.0,174.2,116.0,603.5,1000.0,611.4,278.1,67.97,58.46,54.99,34.66
713,13.48,217000000.0,0.07653,4.85,0.0,174.2,116.0,603.5,1000.0,611.4,278.1,67.97,58.46,54.99,34.66
714,39.35,466900000.0,0.419,14.61,0.0,174.2,116.0,603.5,1000.0,611.4,278.1,67.97,58.46,54.99,34.66
715,6.838,79140000.0,0.2525,19.88,0.0,174.2,116.0,603.5,1000.0,611.4,278.1,67.97,58.46,54.99,34.66
716,0.1301,34240000.0,0.3865,-0.8897,0.0,174.2,116.0,603.5,1000.0,611.4,278.1,67.97,58.46,54.99,34.66
717,8.656,137900000.0,0.3032,17.5,0.0,174.2,116.0,603.5,1000.0,611.4,278.1,67.97,58.46,54.99,34.66
718,24.23,274500000.0,0.1178,8.856,0.0,174.2,116.0,603.5,1000.0,611.4,278.1,67.97,58.46,54.99,34.66
719,34.67,172300000.0,0.4691,-2.814,0.0,174.2,116.0,603.5,1000.0,611.4,278.1,67.97,58.46,54.99,34.66
720,20.43,224600000.0,0.1205,12.81,0.0,186.6,179.0,216.1,1000.0,828.9,235.4,87.54,50.71,43.32,24.47
721,11.55,347400000.0,0.317,3.689,0.0,186.6,179.0,216.1,1000.0,828.9,235.4,87.54,50.71,43.32,24.47
722,34.99,375100000.0,0.3372,-1.598,0.0,186.6,179.0,216.1,1000.0,828.9,235.4,87.54,50.71,43.32,24.47
723,39.67,263300000.0,0.3911,17.25,0.0,186.6,179.0,216.1,1000.0,828.9,235.4,87.54,50.71,43.32,24.47
724,31.85,180100000.0,0.205,3.0,0.0,186.6,179.0,216.1,1000.0,828.9,235.4,87.54,50.71,43.32,24.47
725,14.63,487600000.0,0.1704,12.27,0.0,186.6,179.0,216.1,1000.0,828.9,235.4,87.54,50.71,43.32,24.47
726,4.032,414500000.0,0.4135,-3.061,0.0,186.6,179.0,216.1,1000.0,828.9,235.4,87.54,50.71,43.32,24.47
727,16.68,14600000.0,0.2575,7.588,0.0,186.6,179.0,216.1,1000.0,828.9,235.4,87.54,50.71,43.32,24.47
728,1.865,117000000.0,0.4782,18.86,0.0,186.6,179.0,216.1,1000.0,828.9,235.4,87.54,50.71,43.32,24.47
729,25.98,80460000.0,0.08539,9.69,0.0,186.6,179.0,216.1,1000.0,828.9,235.4,87.54,50.71,43.32,24.47
730,30.38,464900000.0,0.3816,11.31,0.0,137.9,50.34,270.8,1000.0,687.3,203.2,84.51,42.49,50.03,30.72
731,36.08,252000000.0,0.07864,-0.7281,0.0,137.9,50.34,270.8,1000.0,687.3,203.2,84.51,42.49,50.03,30.72
732,14.15,139600000.0,0.4762,4.077,0.0,137.9,50.34,270.8,1000.0,687.3,203.2,84.51,42.49,50.03,30.72
733,35.34,371200000.0,0.3169,9.76,0.0,137.9,50.34,270.8,1000.0,687.3,203.2,84.51,42.49,50.03,30.72
734,26.04,248300000.0,0.4314,12.84,0.0,137.9,50.34,270.8,1000.0,687.3,203.2,84.51,42.49,50.03,30.72
735,8.098,99370000.0,0.3537,7.344,0.0,137.9,50.34,270.8,1000.0,687.3,203.2,84.51,42.49,50.03,30.72
736,6.676,10730000.0,0.2683,15.73,0.0,137.9,50.34,270.8,1000.0,687.3,203.2,84.51,42.49,50.03,30.72
737,20.81,442400000.0,0.1522,2.79,0.0,137.9,50.34,270.8,1000.0,687.3,203.2,84.51,42.49,50.03,30.72
738,2.817,315500000.0,0.1061,18.14,0.0,137.9,50.34,270.8,1000.0,687.3,203.2,84.51,42.49,50.03,30.72
739,18.77,198100000.0,0.1927,-3.649,0.0,137.9,50.34,270.8,1000.0,687.3,203.2,84.51,42.49,50.03,30.72
740,37.31,499300000.0,0.1398,15.61,0.0,140.7,102.1,338.2,1000.0,830.8,226.8,68.82,48.67,52.71,28.69
741,35.99,179800000.0,0.4292,9.086,0.0,140.7,102.1,338.2,1000.0,830.8,226.8,68.82,48.67,52.71,28.69
742,13.19,220600000.0,0.07265,10.44,0.0,140.7,102.1,338.2,1000.0,830.8,226.8,68.82,48.67,52.71,28.69
743,22.28,372600000.0,0.2027,18.05,0.0,140.7,102.1,338.2,1000.0,830.8,226.8,68.82,48.67,52.71,28.69
744,6.481,280400000.0,0.2544,15.13,0.0,140.7,102.1,338.2,1000.0,830.8,226.8,68.82,48.67,52.71,28.69
745,9.287,128600000.0,0.3344,7.525,0.0,140.7,102.1,338.2,1000.0,830.8,226.8,68.82,48.67,52.71,28.69
746,27.7,438100000.0,0.484,-2.758,0.0,140.7,102.1,338.2,1000.0,830.8,226.8,68.82,48.67,52.71,28.69
747,17.38,308200000.0,0.2918,4.72,0.0,140.7,102.1,338.2,1000.0,830.8,226.8,68.82,48.67,52.71,28.69
748,3.852,24710000.0,0.1685,1.255,0.0,140.7,102.1,338.2,1000.0,830.8,226.8,68.82,48.67,52.71,28.69
749,30.26,92930000.0,0.3709,-0.3593,0.0,140.7,102.1,338.2,1000.0,830.8,226.8,68.82,48.67,52.71,28.69
750,24.91,124900000.0,0.4833,11.27,0.0,168.9,188.6,681.8,1000.0,639.8,270.6,75.42,40.63,54.77,36.51
751,9.202,341900000.0,0.07921,5.169,0.0,168.9,188.6,681.8,1000.0,639.8,270.6,75.42,40.63,54.77,36.51
752,19.03,151500000.0,0.4039,14.15,0.0,168.9,188.6,681.8,1000.0,639.8,270.6,75.42,40.63,54.77,36.51
753,20.15,1535000.0,0.2385,18.55,0.0,168.9,188.6,681.8,1000.0,639.8,270.6,75.42,40.63,54.77,36.51
754,7.2,484900000.0,0.1458,5.733,0.0,168.9,188.6,681.8,1000.0,639.8,270.6,75.42,40.63,54.77,36.51
755,15.74,269800000.0,0.4404,-0.6195,0.0,168.9,188.6,681.8,1000.0,639.8,270.6,75.42,40.63,54.77,36.51
756,31.67,410500000.0,0.3087,10.0,0.0,168.9,188.6,681.8,1000.0,639.8,270.6,75.42,40.63,54.77,36.51
757,39.95,69020000.0,0.1339,-3.94,0.0,168.9,188.6,681.8,1000.0,639.8,270.6,75.42,40.63,54.77,36.51
758,34.46,395900000.0,0.3449,16.9,0.0,168.9,188.6,681.8,1000.0,639.8,270.6,75.42,40.63,54.77,36.51
759,0.4622,225900000.0,0.2023,1.418,0.0,168.9,188.6,681.8,1000.0,639.8,270.6,75.42,40.63,54.77,36.51
760,26.68,459900000.0,0.117,12.11,0.0,194.3,74.91,566.6,1000.0,727.5,243.4,70.62,58.33,59.72,32.81
761,18.04,257700000.0,0.4632,16.71,0.0,194.3,74.91,566.6,1000.0,727.5,243.4,70.62,58.33,59.72,32.81
762,20.07,72620000.0,0.3312,7.491,0.0,194.3,74.91,566.6,1000.0,727.5,243.4,70.62,58.33,59.72,32.81
763,3.89,345400000.0,0.4058,19.66,0.0,194.3,74.91,566.6,1000.0,727.5,243.4,70.62,58.33,59.72,32.81
764,37.09,429200000.0,0.2815,4.51,0.0,194.3,74.91,566.6,1000.0,727.5,243.4,70.62,58.33,59.72,32.81
765,12.83,192400000.0,0.4169,2.753,0.0,194.3,74.91,566.6,1000.0,727.5,243.4,70.62,58.33,59.72,32.81
766,34.45,373600000.0,0.1498,8.622,0.0,194.3,74.91,566.6,1000.0,727.5,243.4,70.62,58.33,59.72,32.81
767,7.481,215000000.0,0.08001,-0.9681,0.0,194.3,74.91,566.6,1000.0,727.5,243.4,70.62,58.33,59.72,32.81
768,28.66,40820000.0,0.2229,14.18,0.0,194.3,74.91,566.6,1000.0,727.5,243.4,70.62,58.33,59.72,32.81
769,8.544,128900000.0,0.2683,-2.643,0.0,194.3,74.91,566.6,1000.0,727.5,243.4,70.62,58.33,59.72,32.81
770,12.77,255200000.0,0.1505,9.873,0.0,193.1,166.3,597.8,1000.0,667.0,198.8,76.19,57.53,41.82,29.54
771,39.86,421600000.0,0.4794,7.343,0.0,193.1,166.3,597.8,1000.0,667.0,198.8,76.19,57.53,41.82,29.54
772,35.78,365100000.0,0.06079,17.01,0.0,193.1,166.3,597.8,1000.0,667.0,198.8,76.19,57.53,41.82,29.54
773,19.82,239700000.0,0.1039,0.271,0.0,193.1,166.3,597.8,1000.0,667.0,198.8,76.19,57.53,41.82,29.54
774,8.771,313000000.0,0.1859,18.67,0.0,193.1,166.3,597.8,1000.0,667.0,198.8,76.19,57.53,41.82,29.54
775,0.6662,466900000.0,0.243,-3.446,0.0,193.1,166.3,597.8,1000.0,667.0,198.8,76.19,57.53,41.82,29.54
776,4.418,50080000.0,0.3741,11.03,0.0,193.1,166.3,597.8,1000.0,667.0,198.8,76.19,57.53,41.82,29.54
777,22.07,141300000.0,0.4354,2.91,0.0,193.1,166.3,597.8,1000.0,667.0,198.8,76.19,57.53,41.82,29.54
778,31.16,188100000.0,0.3593,5.106,0.0,193.1,166.3,597.8,1000.0,667.0,198.8,76.19,57.53,41.82,29.54
779,26.38,74210000.0,0.303,13.71,0.0,193.1,166.3,597.8,1000.0,667.0,198.8,76.19,57.53,41.82,29.54
780,11.64,401200000.0,0.4441,7.886,0.0,198.3,158.7,517.2,1000.0,691.8,265.7,86.41,53.37,48.08,38.11
781,22.85,46630000.0,0.4944,12.37,0.0,198.3,158.7,517.2,1000.0,691.8,265.7,86.41,53.37,48.08,38.11
782,29.06,212600000.0,0.2303,19.79,0.0,198.3,158.7,517.2,1000.0,691.8,265.7,86.41,53.37,48.08,38.11
783,39.02,100900000.0,0.1086,16.89,0.0,198.3,158.7,517.2,1000.0,691.8,265.7,86.41,53.37,48.08,38.11
784,34.86,388300000.0,0.1677,14.74,0.0,198.3,158.7,517.2,1000.0,691.8,265.7,86.41,53.37,48.08,38.11
785,26.99,157900000.0,0.2978,8.849,0.0,198.3,158.7,517.2,1000.0,691.8,265.7,86.41,53.37,48.08,38.11
786,14.25,59250000.0,0.3677,-0.416,0.0,198.3,158.7,517.2,1000.0,691.8,265.7,86.41,53.37,48.08,38.11
787,6.457,281500000.0,0.3528,5.109,0.0,198.3,158.7,517.2,1000.0,691.8,265.7,86.41,53.37,48.08,38.11
788,2.365,476600000.0,0.05719,1.051,0.0,198.3,158.7,517.2,1000.0,691.8,265.7,86.41,53.37,48.08,38.11
789,16.55,325800000.0,0.209,-2.592,0.0,198.3,158.7,517.2,1000.0,691.8,265.7,86.41,53.37,48.08,38.11
790,12.87,22280000.0,0.2083,0.3444,0.0,129.2,138.6,415.0,1000.0,805.7,264.6,72.14,44.84,52.39,33.68
791,5.408,398100000.0,0.1744,3.991,0.0,129.2,138.6,415.0,1000.0,805.7,264.6,72.14,44.84,52.39,33.68
792,36.32,269300000.0,0.06177,1.861,0.0,129.2,138.6,415.0,1000.0,805.7,264.6,72.14,44.84,52.39,33.68
793,31.1,485300000.0,0.3756,9.317,0.0,129.2,138.6,415.0,1000.0,805.7,264.6,72.14,44.84,52.39,33.68
794,26.23,436000000.0,0.1141,17.81,0.0,129.2,138.6,415.0,1000.0,805.7,264.6,72.14,44.84,52.39,33.68
795,18.42,57570000.0,0.4457,-3.258,0.0,129.2,138.6,415.0,1000.0,805.7,264.6,72.14,44.84,52.39,33.68
796,8.587,105300000.0,0.4836,11.07,0.0,129.2,138.6,415.0,1000.0,805.7,264.6,72.14,44.84,52.39,33.68
797,33.29,222200000.0,0.2588,6.372,0.0,129.2,138.6,415.0,1000.0,805.7,264.6,72.14,44.84,52.39,33.68
798,20.16,321100000.0,0.2853,16.03,0.0,129.2,138.6,415.0,1000.0,805.7,264.6,72.14,44.84,52.39,33.68
799,3.238,164500000.0,0.3371,13.34,0.0,129.2,138.6,415.0,1000.0,805.7,264.6,72.14,44.84,52.39,33.68
800,35.95,158800000.0,0.2789,4.47,0.0,149.0,106.4,268.1,1000.0,653.9,186.1,72.86,48.39,40.88,31.06
801,1.69,431100000.0,0.245,15.29,0.0,149.0,106.4,268.1,1000.0,653.9,186.1,72.86,48.39,40.88,31.06
802,18.68,369600000.0,0.4705,-0.06995,0.0,149.0,106.4,268.1,1000.0,653.9,186.1,72.86,48.39,40.88,31.06
803,9.511,73770000.0,0.4062,19.13,0.0,149.0,106.4,268.1,1000.0,653.9,186.1,72.86,48.39,40.88,31.06
804,39.29,350100000.0,0.08542,14.38,0.0,149.0,106.4,268.1,1000.0,653.9,186.1,72.86,48.39,40.88,31.06
805,5.664,266100000.0,0.33,9.172,0.0,149.0,106.4,268.1,1000.0,653.9,186.1,72.86,48.39,40.88,31.06
806,27.15,37760000.0,0.4378,11.37,0.0,149.0,106.4,268.1,1000.0,653.9,186.1,72.86,48.39,40.88,31.06
807,14.75,461000000.0,0.1221,-1.916,0.0,149.0,106.4,268.1,1000.0,653.9,186.1,72.86,48.39,40.88,31.06
808,30.95,134600000.0,0.1677,7.405,0.0,149.0,106.4,268.1,1000.0,653.9,186.1,72.86,48.39,40.88,31.06
809,21.93,250400000.0,0.2024,1.291,0.0,149.0,106.4,268.1,1000.0,653.9,186.1,72.86,48.39,40.88,31.06
810,3.935,312600000.0,0.3137,3.324,0.0,104.4,194.5,536.1,1000.0,678.1,206.3,61.3,42.12,40.57,34.35
811,34.78,133200000.0,0.3298,0.3747,0.0,104.4,194.5,536.1,1000.0,678.1,206.3,61.3,42.12,40.57,34.35
812,7.705,282500000.0,0.4844,18.57,0.0,104.4,194.5,536.1,1000.0,678.1,206.3,61.3,42.12,40.57,34.35
813,39.54,12920000.0,0.1552,1.501,0.0,104.4,194.5,536.1,1000.0,678.1,206.3,61.3,42.12,40.57,34.35
814,14.56,382900000.0,0.2204,11.62,0.0,104.4,194.5,536.1,1000.0,678.1,206.3,61.3,42.12,40.57,34.35
815,21.87,160100000.0,0.07753,-3.818,0.0,104.4,194.5,536.1,1000.0,678.1,206.3,61.3,42.12,40.57,34.35
816,25.57,237200000.0,0.4208,7.365,0.0,104.4,194.5,536.1,1000.0,678.1,206.3,61.3,42.12,40.57,34.35
817,19.42,427800000.0,0.267,14.4,0.0,104.4,194.5,536.1,1000.0,678.1,206.3,61.3,42.12,40.57,34.35
818,9.95,90710000.0,0.3762,8.37,0.0,104.4,194.5,536.1,1000.0,678.1,206.3,61.3,42.12,40.57,34.35
819,28.09,480400000.0,0.1345,16.25,0.0,104.4,194.5,536.1,1000.0,678.1,206.3,61.3,42.12,40.57,34.35
820,34.9,87170000.0,0.2451,-0.09105,0.0,150.9,89.37,547.1,1000.0,802.4,261.6,67.57,42.87,50.82,30.34
821,4.029,426600000.0,0.1596,15.93,0.0,150.9,89.37,547.1,1000.0,802.4,261.6,67.57,42.87,50.82,30.34
822,30.71,15560000.0,0.1342,12.68,0.0,150.9,89.37,547.1,1000.0,802.4,261.6,67.57,42.87,50.82,30.34
823,14.5,125000000.0,0.2114,14.26,0.0,150.9,89.37,547.1,1000.0,802.4,261.6,67.57,42.87,50.82,30.34
824,2.782,338300000.0,0.08718,19.22,0.0,150.9,89.37,547.1,1000.0,802.4,261.6,67.57,42.87,50.82,30.34
825,38.42,478100000.0,0.4723,7.094,0.0,150.9,89.37,547.1,1000.0,802.4,261.6,67.57,42.87,50.82,30.34
826,24.3,355300000.0,0.38,9.315,0.0,150.9,89.37,547.1,1000.0,802.4,261.6,67.57,42.87,50.82,30.34
827,11.5,217300000.0,0.3158,0.9764,0.0,150.9,89.37,547.1,1000.0,802.4,261.6,67.57,42.87,50.82,30.34
828,20.64,189000000.0,0.4225,-2.552,0.0,150.9,89.37,547.1,1000.0,802.4,261.6,67.57,42.87,50.82,30.34
829,18.5,284800000.0,0.3348,4.079,0.0,150.9,89.37,547.1,1000.0,802.4,261.6,67.57,42.87,50.82,30.34
830,37.95,55710000.0,0.3381,9.906,0.0,188.8,115.7,427.2,1000.0,605.1,268.6,71.9,56.4,56.46,35.79
831,7.085,429100000.0,0.2547,-2.652,0.0,188.8,115.7,427.2,1000.0,605.1,268.6,71.9,56.4,56.46,35.79
832,24.02,112200000.0,0.1364,11.79,0.0,188.8,115.7,427.2,1000.0,605.1,268.6,71.9,56.4,56.46,35.79
833,14.9,216500000.0,0.379,13.97,0.0,188.8,115.7,427.2,1000.0,605.1,268.6,71.9,56.4,56.46,35.79
834,1.86,358000000.0,0.2215,1.24,0.0,188.8,115.7,427.2,1000.0,605.1,268.6,71.9,56.4,56.46,35.79
835,23.68,254500000.0,0.1463,0.1285,0.0,188.8,115.7,427.2,1000.0,605.1,268.6,71.9,56.4,56.46,35.79
836,28.19,170800000.0,0.4147,3.555,0.0,188.8,115.7,427.2,1000.0,605.1,268.6,71.9,56.4,56.46,35.79
837,8.237,498100000.0,0.3059,19.63,0.0,188.8,115.7,427.2,1000.0,605.1,268.6,71.9,56.4,56.46,35.79
838,34.55,10120000.0,0.4922,17.38,0.0,188.8,115.7,427.2,1000.0,605.1,268.6,71.9,56.4,56.46,35.79
839,18.03,321100000.0,0.07732,7.459,0.0,188.8,115.7,427.2,1000.0,605.1,268.6,71.9,56.4,56.46,35.79
840,37.18,402000000.0,0.2589,-3.564,0.0,167.1,133.4,464.0,1000.0,563.6,181.3,79.7,51.49,57.91,33.83
841,8.361,118500000.0,0.4289,3.869,0.0,167.1,133.4,464.0,1000.0,563.6,181.3,79.7,51.49,57.91,33.83
842,30.58,489200000.0,0.4688,19.2,0.0,167.1,133.4,464.0,1000.0,563.6,181.3,79.7,51.49,57.91,33.83
843,14.81,268700000.0,0.409,0.4181,0.0,167.1,133.4,464.0,1000.0,563.6,181.3,79.7,51.49,57.91,33.83
844,33.76,375900000.0,0.1485,8.128,0.0,167.1,133.4,464.0,1000.0,563.6,181.3,79.7,51.49,57.91,33.83
845,21.49,345800000.0,0.1899,13.19,0.0,167.1,133.4,464.0,1000.0,563.6,181.3,79.7,51.49,57.91,33.83
846,3.151,57730000.0,0.2868,16.82,0.0,167.1,133.4,464.0,1000.0,563.6,181.3,79.7,51.49,57.91,33.83
847,25.29,227100000.0,0.3235,2.704,0.0,167.1,133.4,464.0,1000.0,563.6,181.3,79.7,51.49,57.91,33.83
848,6.698,17180000.0,0.1227,11.96,0.0,167.1,133.4,464.0,1000.0,563.6,181.3,79.7,51.49,57.91,33.83
849,16.46,152900000.0,0.08933,6.04,0.0,167.1,133.4,464.0,1000.0,563.6,181.3,79.7,51.49,57.91,33.83
850,8.797,323100000.0,0.07427,6.38,0.0,114.8,125.4,245.7,1000.0,599.8,199.8,72.49,45.53,45.86,30.19
851,30.28,92780000.0,0.4378,11.44,0.0,114.8,125.4,245.7,1000.0,599.8,199.8,72.49,45.53,45.86,30.19
852,24.65,46530000.0,0.1181,-0.4659,0.0,114.8,125.4,245.7,1000.0,599.8,199.8,72.49,45.53,45.86,30.19
853,39.96,279500000.0,0.2986,4.441,0.0,114.8,125.4,245.7,1000.0,599.8,199.8,72.49,45.53,45.86,30.19
854,32.9,373400000.0,0.3503,8.222,0.0,114.8,125.4,245.7,1000.0,599.8,199.8,72.49,45.53,45.86,30.19
855,3.848,492800000.0,0.1476,1.641,0.0,114.8,125.4,245.7,1000.0,599.8,199.8,72.49,45.53,45.86,30.19
856,13.36,152500000.0,0.4609,-2.118,0.0,114.8,125.4,245.7,1000.0,599.8,199.8,72.49,45.53,45.86,30.19
857,5.617,425300000.0,0.1998,13.28,0.0,114.8,125.4,245.7,1000.0,599.8,199.8,72.49,45.53,45.86,30.19
858,22.21,211300000.0,0.4066,19.35,0.0,114.8,125.4,245.7,1000.0,599.8,199.8,72.49,45.53,45.86,30.19
859,19.43,139400000.0,0.2664,17.38,0.0,114.8,125.4,245.7,1000.0,599.8,199.8,72.49,45.53,45.86,30.19
860,17.79,335800000.0,0.05343,-1.261,0.0,173.6,112.9,420.2,1000.0,766.2,216.1,89.51,56.09,55.18,26.18
861,29.63,168200000.0,0.4714,19.03,0.0,173.6,112.9,420.2,1000.0,766.2,216.1,89.51,56.09,55.18,26.18
862,37.2,415900000.0,0.399,3.46,0.0,173.6,112.9,420.2,1000.0,766.2,216.1,89.51,56.09,55.18,26.18
863,10.84,97700000.0,0.1439,16.23,0.0,173.6,112.9,420.2,1000.0,766.2,216.1,89.51,56.09,55.18,26.18
864,32.73,11980000.0,0.4372,9.665,0.0,173.6,112.9,420.2,1000.0,766.2,216.1,89.51,56.09,55.18,26.18
865,20.71,112900000.0,0.3451,11.13,0.0,173.6,112.9,420.2,1000.0,766.2,216.1,89.51,56.09,55.18,26.18
866,7.786,287300000.0,0.1897,13.64,0.0,173.6,112.9,420.2,1000.0,766.2,216.1,89.51,56.09,55.18,26.18
867,27.52,220400000.0,0.2617,1.259,0.0,173.6,112.9,420.2,1000.0,766.2,216.1,89.51,56.09,55.18,26.18
868,14.5,386000000.0,0.2803,-3.748,0.0,173.6,112.9,420.2,1000.0,766.2,216.1,89.51,56.09,55.18,26.18
869,0.7202,478500000.0,0.1159,5.832,0.0,173.6,112.9,420.2,1000.0,766.2,216.1,89.51,56.09,55.18,26.18
870,7.373,112200000.0,0.0962,-0.4013,0.0,109.6,169.6,243.4,1000.0,629.3,277.7,69.92,43.4,44.77,38.5
871,19.86,229700000.0,0.2083,18.39,0.0,109.6,169.6,243.4,1000.0,629.3,277.7,69.92,43.4,44.77,38.5
872,34.01,304500000.0,0.4267,7.94,0.0,109.6,169.6,243.4,1000.0,629.3,277.7,69.92,43.4,44.77,38.5
873,3.044,254500000.0,0.3988,9.687,0.0,109.6,169.6,243.4,1000.0,629.3,277.7,69.92,43.4,44.77,38.5
874,24.5,69900000.0,0.2867,4.8,0.0,109.6,169.6,243.4,1000.0,629.3,277.7,69.92,43.4,44.77,38.5
875,38.97,484800000.0,0.3548,14.94,0.0,109.6,169.6,243.4,1000.0,629.3,277.7,69.92,43.4,44.77,38.5
876,13.18,170800000.0,0.4861,10.86,0.0,109.6,169.6,243.4,1000.0,629.3,277.7,69.92,43.4,44.77,38.5
877,8.476,5441000.0,0.256,-3.528,0.0,109.6,169.6,243.4,1000.0,629.3,277.7,69.92,43.4,44.77,38.5
878,22.82,392900000.0,0.1787,16.9,0.0,109.6,169.6,243.4,1000.0,629.3,277.7,69.92,43.4,44.77,38.5
879,28.3,401900000.0,0.05464,1.416,0.0,109.6,169.6,243.4,1000.0,629.3,277.7,69.92,43.4,44.77,38.5
880,12.41,280700000.0,0.1405,16.68,0.0,175.2,91.87,354.3,1000.0,791.4,219.8,72.94,54.01,54.17,30.52
881,11.19,133700000.0,0.2541,-0.01998,0.0,175.2,91.87,354.3,1000.0,791.4,219.8,72.94,54.01,54.17,30.52
882,19.22,310500000.0,0.2061,8.126,0.0,175.2,91.87,354.3,1000.0,791.4,219.8,72.94,54.01,54.17,30.52
883,21.14,234500000.0,0.335,13.35,0.0,175.2,91.87,354.3,1000.0,791.4,219.8,72.94,54.01,54.17,30.52
884,6.257,53480000.0,0.3691,11.07,0.0,175.2,91.87,354.3,1000.0,791.4,219.8,72.94,54.01,54.17,30.52
885,29.87,385900000.0,0.1236,6.671,0.0,175.2,91.87,354.3,1000.0,791.4,219.8,72.94,54.01,54.17,30.52
886,25.84,169900000.0,0.4563,-2.465,0.0,175.2,91.87,354.3,1000.0,791.4,219.8,72.94,54.01,54.17,30.52
887,35.54,475600000.0,0.2902,1.842,0.0,175.2,91.87,354.3,1000.0,791.4,219.8,72.94,54.01,54.17,30.52
888,2.429,14070000.0,0.09261,19.25,0.0,175.2,91.87,354.3,1000.0,791.4,219.8,72.94,54.01,54.17,30.52
889,38.75,449700000.0,0.4302,4.558,0.0,175.2,91.87,354.3,1000.0,791.4,219.8,72.94,54.01,54.17,30.52
890,17.01,99070000.0,0.3264,10.5,0.0,169.3,99.51,486.2,1000.0,761.3,275.8,79.24,50.09,58.66,37.92
891,37.85,401000000.0,0.1097,9.172,0.0,169.3,99.51,486.2,1000.0,761.3,275.8,79.24,50.09,58.66,37.92
892,21.97,492700000.0,0.05036,7.117,0.0,169.3,99.51,486.2,1000.0,761.3,275.8,79.24,50.09,58.66,37.92
893,27.14,140300000.0,0.2127,-2.935,0.0,169.3,99.51,486.2,1000.0,761.3,275.8,79.24,50.09,58.66,37.92
894,8.645,326200000.0,0.1772,5.004,0.0,169.3,99.51,486.2,1000.0,761.3,275.8,79.24,50.09,58.66,37.92
895,12.42,31410000.0,0.3858,2.62,0.0,169.3,99.51,486.2,1000.0,761.3,275.8,79.24,50.09,58.66,37.92
896,6.325,191300000.0,0.2351,13.15,0.0,169.3,99.51,486.2,1000.0,761.3,275.8,79.24,50.09,58.66,37.92
897,35.42,291400000.0,0.424,-0.4452,0.0,169.3,99.51,486.2,1000.0,761.3,275.8,79.24,50.09,58.66,37.92
898,28.91,354600000.0,0.4935,19.97,0.0,169.3,99.51,486.2,1000.0,761.3,275.8,79.24,50.09,58.66,37.92
899,3.752,245600000.0,0.2871,17.3,0.0,169.3,99.51,486.2,1000.0,761.3,275.8,79.24,50.09,58.66,37.92
900,36.07,49460000.0,0.3126,14.71,0.0,187.5,162.3,389.6,1000.0,631.6,263.5,77.02,53.51,43.7,31.47
901,19.9,64750000.0,0.1954,16.17,0.0,187.5,162.3,389.6,1000.0,631.6,263.5,77.02,53.51,43.7,31.47
902,30.91,359400000.0,0.3685,2.282,0.0,187.5,162.3,389.6,1000.0,631.6,263.5,77.02,53.51,43.7,31.47
903,6.763,345300000.0,0.1701,-1.048,0.0,187.5,162.3,389.6,1000.0,631.6,263.5,77.02,53.51,43.7,31.47
904,2.218,295900000.0,0.1173,18.02,0.0,187.5,162.3,389.6,1000.0,631.6,263.5,77.02,53.51,43.7,31.47
905,22.56,131300000.0,0.05366,6.355,0.0,187.5,162.3,389.6,1000.0,631.6,263.5,77.02,53.51,43.7,31.47
906,25.35,470300000.0,0.4246,11.82,0.0,187.5,162.3,389.6,1000.0,631.6,263.5,77.02,53.51,43.7,31.47
907,35.65,151500000.0,0.484,5.101,0.0,187.5,162.3,389.6,1000.0,631.6,263.5,77.02,53.51,43.7,31.47
908,8.679,418400000.0,0.2684,8.185,0.0,187.5,162.3,389.6,1000.0,631.6,263.5,77.02,53.51,43.7,31.47
909,12.49,228700000.0,0.3578,-2.231,0.0,187.5,162.3,389.6,1000.0,631.6,263.5,77.02,53.51,43.7,31.47
910,4.158,131700000.0,0.1706,13.99,0.0,195.0,170.9,289.6,1000.0,742.5,251.9,70.82,54.77,46.14,28.08
911,23.44,437600000.0,0.4381,2.022,0.0,195.0,170.9,289.6,1000.0,742.5,251.9,70.82,54.77,46.14,28.08
912,34.22,75230000.0,0.1997,19.69,0.0,195.0,170.9,289.6,1000.0,742.5,251.9,70.82,54.77,46.14,28.08
913,18.02,464400000.0,0.3659,17.53,0.0,195.0,170.9,289.6,1000.0,742.5,251.9,70.82,54.77,46.14,28.08
914,10.25,324600000.0,0.3296,12.13,0.0,195.0,170.9,289.6,1000.0,742.5,251.9,70.82,54.77,46.14,28.08
915,14.81,255200000.0,0.28,-3.551,0.0,195.0,170.9,289.6,1000.0,742.5,251.9,70.82,54.77,46.14,28.08
916,28.56,250300000.0,0.07365,3.911,0.0,195.0,170.9,289.6,1000.0,742.5,251.9,70.82,54.77,46.14,28.08
917,36.19,9321000.0,0.4806,7.456,0.0,195.0,170.9,289.6,1000.0,742.5,251.9,70.82,54.77,46.14,28.08
918,26.05,197300000.0,0.2318,-1.273,0.0,195.0,170.9,289.6,1000.0,742.5,251.9,70.82,54.77,46.14,28.08
919,1.046,388600000.0,0.1262,8.874,0.0,195.0,170.9,289.6,1000.0,742.5,251.9,70.82,54.77,46.14,28.08
920,25.01,5990000.0,0.05701,15.64,0.0,143.5,129.8,383.6,1000.0,553.0,200.5,71.7,49.16,46.46,34.73
921,12.36,144900000.0,0.4524,19.31,0.0,143.5,129.8,383.6,1000.0,553.0,200.5,71.7,49.16,46.46,34.73
922,0.6794,84460000.0,0.3171,12.7,0.0,143.5,129.8,383.6,1000.0,553.0,200.5,71.7,49.16,46.46,34.73
923,28.3,227500000.0,0.3824,2.07,0.0,143.5,129.8,383.6,1000.0,553.0,200.5,71.7,49.16,46.46,34.73
924,33.52,447400000.0,0.4553,6.556,0.0,143.5,129.8,383.6,1000.0,553.0,200.5,71.7,49.16,46.46,34.73
925,18.65,463400000.0,0.1053,-2.347,0.0,143.5,129.8,383.6,1000.0,553.0,200.5,71.7,49.16,46.46,34.73
926,37.25,376300000.0,0.1679,8.107,0.0,143.5,129.8,383.6,1000.0,553.0,200.5,71.7,49.16,46.46,34.73
927,4.741,270700000.0,0.2373,3.404,0.0,143.5,129.8,383.6,1000.0,553.0,200.5,71.7,49.16,46.46,34.73
928,22.08,320200000.0,0.3481,13.54,0.0,143.5,129.8,383.6,1000.0,553.0,200.5,71.7,49.16,46.46,34.73
929,8.275,167100000.0,0.2153,-0.411,0.0,143.5,129.8,383.6,1000.0,553.0,200.5,71.7,49.16,46.46,34.73
930,5.4,22520000.0,0.1419,15.42,0.0,135.3,79.66,405.4,1000.0,777.2,191.4,81.71,49.71,48.2,27.8
931,25.47,365100000.0,0.1347,13.92,0.0,135.3,79.66,405.4,1000.0,777.2,191.4,81.71,49.71,48.2,27.8
932,39.82,320000000.0,0.3213,6.402,0.0,135.3,79.66,405.4,1000.0,777.2,191.4,81.71,49.71,48.2,27.8
933,10.57,161200000.0,0.192,2.653,0.0,135.3,79.66,405.4,1000.0,777.2,191.4,81.71,49.71,48.2,27.8
934,30.69,488500000.0,0.429,0.4308,0.0,135.3,79.66,405.4,1000.0,777.2,191.4,81.71,49.71,48.2,27.8
935,35.31,214400000.0,0.4855,4.903,0.0,135.3,79.66,405.4,1000.0,777.2,191.4,81.71,49.71,48.2,27.8
936,20.74,278300000.0,0.05998,8.39,0.0,135.3,79.66,405.4,1000.0,777.2,191.4,81.71,49.71,48.2,27.8
937,13.64,66820000.0,0.2927,11.92,0.0,135.3,79.66,405.4,1000.0,777.2,191.4,81.71,49.71,48.2,27.8
938,2.58,143900000.0,0.2681,-3.557,0.0,135.3,79.66,405.4,1000.0,777.2,191.4,81.71,49.71,48.2,27.8
939,18.09,443000000.0,0.3954,19.22,0.0,135.3,79.66,405.4,1000.0,777.2,191.4,81.71,49.71,48.2,27.8
940,35.41,136400000.0,0.2859,10.51,0.0,162.5,93.81,470.6,1000.0,771.8,256.2,78.81,55.42,49.14,28.9
941,5.392,308000000.0,0.2009,19.64,0.0,162.5,93.81,470.6,1000.0,771.8,256.2,78.81,55.42,49.14,28.9
942,14.09,449800000.0,0.2365,9.257,0.0,162.5,93.81,470.6,1000.0,771.8,256.2,78.81,55.42,49.14,28.9
943,18.24,374800000.0,0.3837,4.256,0.0,162.5,93.81,470.6,1000.0,771.8,256.2,78.81,55.42,49.14,28.9
944,38.3,464600000.0,0.1093,-3.708,0.0,162.5,93.81,470.6,1000.0,771.8,256.2,78.81,55.42,49.14,28.9
945,30.24,87960000.0,0.3569,5.693,0.0,162.5,93.81,470.6,1000.0,771.8,256.2,78.81,55.42,49.14,28.9
946,1.849,153000000.0,0.1536,15.83,0.0,162.5,93.81,470.6,1000.0,771.8,256.2,78.81,55.42,49.14,28.9
947,22.89,285500000.0,0.4875,2.55,0.0,162.5,93.81,470.6,1000.0,771.8,256.2,78.81,55.42,49.14,28.9
948,25.48,13960000.0,0.07621,-1.11,0.0,162.5,93.81,470.6,1000.0,771.8,256.2,78.81,55.42,49.14,28.9
949,10.28,234100000.0,0.4373,13.25,0.0,162.5,93.81,470.6,1000.0,771.8,256.2,78.81,55.42,49.14,28.9
950,26.32,117400000.0,0.1138,1.158,0.0,112.4,165.0,652.6,1000.0,597.4,269.5,77.76,50.2,49.29,36.35
951,9.368,400700000.0,0.4753,17.55,0.0,112.4,165.0,652.6,1000.0,597.4,269.5,77.76,50.2,49.29,36.35
952,16.8,329700000.0,0.2198,-3.981,0.0,112.4,165.0,652.6,1000.0,597.4,269.5,77.76,50.2,49.29,36.35
953,35.58,226200000.0,0.3511,19.39,0.0,112.4,165.0,652.6,1000.0,597.4,269.5,77.76,50.2,49.29,36.35
954,37.52,175500000.0,0.07846,8.216,0.0,112.4,165.0,652.6,1000.0,597.4,269.5,77.76,50.2,49.29,36.35
955,21.39,473300000.0,0.3772,14.17,0.0,112.4,165.0,652.6,1000.0,597.4,269.5,77.76,50.2,49.29,36.35
956,31.93,27330000.0,0.1811,-1.585,0.0,112.4,165.0,652.6,1000.0,597.4,269.5,77.76,50.2,49.29,36.35
957,0.9402,74600000.0,0.25,4.835,0.0,112.4,165.0,652.6,1000.0,597.4,269.5,77.76,50.2,49.29,36.35
958,15.9,376100000.0,0.3094,11.91,0.0,112.4,165.0,652.6,1000.0,597.4,269.5,77.76,50.2,49.29,36.35
959,6.107,297400000.0,0.4219,7.152,0.0,112.4,165.0,652.6,1000.0,597.4,269.5,77.76,50.2,49.29,36.35
960,5.061,265700000.0,0.08866,15.67,0.0,197.4,64.06,259.2,1000.0,661.1,272.7,80.64,59.92,51.56,35.24
961,22.19,168200000.0,0.3219,6.847,0.0,197.4,64.06,259.2,1000.0,661.1,272.7,80.64,59.92,51.56,35.24
962,18.52,235100000.0,0.4527,-2.507,0.0,197.4,64.06,259.2,1000.0,661.1,272.7,80.64,59.92,51.56,35.24
963,13.49,28940000.0,0.1017,10.08,0.0,197.4,64.06,259.2,1000.0,661.1,272.7,80.64,59.92,51.56,35.24
964,10.35,142600000.0,0.3795,0.7413,0.0,197.4,64.06,259.2,1000.0,661.1,272.7,80.64,59.92,51.56,35.24
965,32.73,97130000.0,0.4989,2.784,0.0,197.4,64.06,259.2,1000.0,661.1,272.7,80.64,59.92,51.56,35.24
966,0.7219,467200000.0,0.1424,12.6,0.0,197.4,64.06,259.2,1000.0,661.1,272.7,80.64,59.92,51.56,35.24
967,39.76,301500000.0,0.2081,19.06,0.0,197.4,64.06,259.2,1000.0,661.1,272.7,80.64,59.92,51.56,35.24
968,30.46,400500000.0,0.2396,15.06,0.0,197.4,64.06,259.2,1000.0,661.1,272.7,80.64,59.92,51.56,35.24
969,27.98,370200000.0,0.2944,3.72,0.0,197.4,64.06,259.2,1000.0,661.1,272.7,80.64,59.92,51.56,35.24
970,34.14,445500000.0,0.1341,3.566,0.0,180.9,66.67,275.8,1000.0,579.7,244.2,61.61,42.68,55.21,24.67
971,14.33,343100000.0,0.07538,18.09,0.0,180.9,66.67,275.8,1000.0,579.7,244.2,61.61,42.68,55.21,24.67
972,27.44,40690000.0,0.4712,16.02,0.0,180.9,66.67,275.8,1000.0,579.7,244.2,61.61,42.68,55.21,24.67
973,19.5,383500000.0,0.1799,14.14,0.0,180.9,66.67,275.8,1000.0,579.7,244.2,61.61,42.68,55.21,24.67
974,4.898,489600000.0,0.4003,-1.167,0.0,180.9,66.67,275.8,1000.0,579.7,244.2,61.61,42.68,55.21,24.67
975,8.046,237600000.0,0.3557,12.64,0.0,180.9,66.67,275.8,1000.0,579.7,244.2,61.61,42.68,55.21,24.67
976,29.64,57850000.0,0.4255,1.959,0.0,180.9,66.67,275.8,1000.0,579.7,244.2,61.61,42.68,55.21,24.67
977,39.72,263300000.0,0.3124,-3.659,0.0,180.9,66.67,275.8,1000.0,579.7,244.2,61.61,42.68,55.21,24.67
978,0.5432,121500000.0,0.2013,10.0,0.0,180.9,66.67,275.8,1000.0,579.7,244.2,61.61,42.68,55.21,24.67
979,20.81,158500000.0,0.2452,7.608,0.0,180.9,66.67,275.8,1000.0,579.7,244.2,61.61,42.68,55.21,24.67
980,35.99,94170000.0,0.2747,13.14,0.0,145.4,83.18,661.8,1000.0,709.3,218.7,79.03,43.9,47.96,38.97
981,15.11,431600000.0,0.1884,-1.512,0.0,145.4,83.18,661.8,1000.0,709.3,218.7,79.03,43.9,47.96,38.97
982,1.638,306600000.0,0.08857,16.28,0.0,145.4,83.18,661.8,1000.0,709.3,218.7,79.03,43.9,47.96,38.97
983,17.72,398100000.0,0.3297,11.26,0.0,145.4,83.18,661.8,1000.0,709.3,218.7,79.03,43.9,47.96,38.97
984,7.062,29570000.0,0.3699,18.83,0.0,145.4,83.18,661.8,1000.0,709.3,218.7,79.03,43.9,47.96,38.97
985,25.12,455300000.0,0.3023,-2.369,0.0,145.4,83.18,661.8,1000.0,709.3,218.7,79.03,43.9,47.96,38.97
986,8.351,107800000.0,0.1704,3.003,0.0,145.4,83.18,661.8,1000.0,709.3,218.7,79.03,43.9,47.96,38.97
987,36.94,297500000.0,0.1116,9.415,0.0,145.4,83.18,661.8,1000.0,709.3,218.7,79.03,43.9,47.96,38.97
988,22.72,159900000.0,0.4426,6.78,0.0,145.4,83.18,661.8,1000.0,709.3,218.7,79.03,43.9,47.96,38.97
989,29.24,202800000.0,0.4636,5.528,0.0,145.4,83.18,661.8,1000.0,709.3,218.7,79.03,43.9,47.96,38.97
990,5.351,53840000.0,0.3509,13.37,0.0,107.2,167.2,460.0,1000.0,742.0,188.8,80.85,52.72,45.56,32.12
991,19.75,143100000.0,0.2855,4.336,0.0,107.2,167.2,460.0,1000.0,742.0,188.8,80.85,52.72,45.56,32.12
992,21.16,261300000.0,0.2608,9.039,0.0,107.2,167.2,460.0,1000.0,742.0,188.8,80.85,52.72,45.56,32.12
993,37.23,331000000.0,0.1398,-0.6677,0.0,107.2,167.2,460.0,1000.0,742.0,188.8,80.85,52.72,45.56,32.12
994,35.14,161700000.0,0.2269,12.49,0.0,107.2,167.2,460.0,1000.0,742.0,188.8,80.85,52.72,45.56,32.12
995,1.973,430500000.0,0.06789,17.93,0.0,107.2,167.2,460.0,1000.0,742.0,188.8,80.85,52.72,45.56,32.12
996,11.85,43090000.0,0.4054,7.142,0.0,107.2,167.2,460.0,1000.0,742.0,188.8,80.85,52.72,45.56,32.12
997,12.04,382900000.0,0.1545,-3.093,0.0,107.2,167.2,460.0,1000.0,742.0,188.8,80.85,52.72,45.56,32.12
998,28.8,240600000.0,0.4945,17.56,0.0,107.2,167.2,460.0,1000.0,742.0,188.8,80.85,52.72,45.56,32.12
999,27.3,494800000.0,0.412,3.108,0.0,107.2,167.2,460.0,1000.0,742.0,188.8,80.85,52.72,45.56,32.12
